:100000000C94AB0B0C94D80B0C94D80B0C94D80B11
:100010000C94D80B0C94D80B0C94D80B0C94D80BD4
:100020000C94D80B0C94D80B0C94D80B0C94D80BC4
:100030000C94E3520C94D80B0C94D80B0C94D80B62
:100040000C94D80B0C94472B0C94D80B0C94D80B15
:100050000C94D80B0C94D80B0C94D80B0C94D80B94
:100060000C94D80B0C94BA520C9490520C94D80B5C
:100070000C94D80B0C94D80B0C94D80B0C94D80B74
:100080000C94D80B0C94D80B0C94D80B0C94D80B64
:100090000C94D80B0C94D80B0C94D80B0C94D80B54
:1000A0000C94D80B0C94D80B0C94D80B0C94D80B44
:1000B0000C94D80B0C94D80B0C94D80B0C94D80B34
:1000C0000C94D80B0C94D80B0C94D80B0C94D80B24
:1000D0000C94D80B0C94D80B0C94D80B0C94D80B14
:1000E0000C94D80B0C94672A0C94B3340C94CB1D4D
:1000F0000C9412290C94A21B0C94143A0C942327F0
:100100000C9476470C94811E0C94B32A0C94E62C24
:100110000C94713D0C943E290C9488470C94DD2E70
:100120000C947E1C0C9480320C941C350C94FE3F75
:100130000C944E4D0C94EE480C94803C0C94BE3BB9
:100140000C948A390C944B1F0C94C1200C942A32C5
:100150000C94E0290C940D390C94E31B0C94993DFC
:100160000C945A4C0C94B44B0C948E4D0C94B13CA2
:100170000C94D31A0C94023C0C9492260C947C3A66
:100180000C94FF1D0C945A280C94AC480C94DC3D44
:100190000C94032D0C9404490C94E0200C94B62884
:1001A0000C941B210C94901D0C9466290C943226FF
:1001B0000C943E270C944E1E0C943F250C94272F34
:1001C0000C9414280C9421490C945E410C946934CD
:1001D0000C942F4D0C94131D0C9448410C94144A0C
:1001E0000C944C2E0C949F2C0C947D2A0C94F5347A
:1001F0000C94191B0C946F4D0C94261C0C94723F9C
:100200000C941E410C94594D0C94453C0C94155083
:100210000C94AD4D0C94C41A0C94B1260C947F41EF
:100220000C9445480C94631C0C9442470C94F521A3
:100230000C94611B0C942E1D0C9463500C947C1F29
:100240000C94644D0C9425300C94162A0C94772051
:100250000C9422320C94F9480C94E7480C945C37C7
:100260000C94BA460C94164A0C94BB1C0C94D04BBC
:100270000C94992A0C94E52C0C94CE3C0C94B54724
:100280000C94EC4B0C940B2E0C94344A0C942F4E83
:100290000C94E7490C9459340C94D61C0C949D1F73
:1002A0000C9484520C9462310C94202E0C946E2782
:1002B0000C94CF1F0C946E3B0C94C4400C94BA4F1A
:1002C0000C94D73D0C9467490C945D290C949F467F
:1002D0000C94BF2E0C94D0410C940B4F0C94B14055
:1002E0000C94423D0C940D250C9492200C94D01A41
:1002F0000C94A8410C945D250C94604E0C948240A3
:100300000C94B53A0C94A02F0C9476270C94541DA1
:100310000C94113B0C94B7240C9408260C940C48B4
:100320000C9458210C9498340C943E2A0401010436
:10033000040104040404000000040401010101019B
:100340000404010104010104040404000004040481
:100350000404000000000404000000000400000089
:10036000000000000400000000000400020000047F
:100370000004000004070404000004040400000258
:10038000020004000200000204070004000404004C
:100390000004000402020404040404000004000435
:1003A0000404040404040004000203040004040020
:1003B000040004000004000400000000000000002D
:1003C000000100020102B603D31A0200000100007E
:1003D00000C41A03000001000000D01A040000014C
:1003E000000000191B05000001000000B1400600DC
:1003F000010001F315C44007000001000000824025
:100400000800010001B5035C37090000010000008D
:10041000E52C0A00020101EE150B2E0B000301036F
:10042000B203E62C0C00020102B003202E0D0002E4
:100430000002B603D73D0E00020002DA154C2E0F63
:1004400000030003B203272F1000020002B003BF15
:100450002E1100050005AB03DD2E1200020002DAAA
:1004600015423D1300010001B503993D140002003F
:1004700002B003713D1500020002DA15B13C16000E
:10048000040004A703723F1700050005A203DC3D2A
:100490001800010001B503424719000800089A033B
:1004A000B5471A0003000397030C481B0002000223
:1004B000DA15AC481C00020002B00388471D000496
:1004C0000004D21545481E00010001B50376471F00
:1004D00000020002DA15232720000900098E035AC2
:1004E000282100020002B00314282200040003DCCB
:1004F0001580322300030002DF1559342400030065
:1005000002DF1569342500040004D615762726007D
:10051000010001B5036E2727000300038B033E276C
:100520002800040003880362312900040004D61562
:100530002A322A00010001B50322322B00030003F6
:1005400085035D292C00030003820366292D000624
:1005500000067C03E0292E00020002DA157C3A2F07
:10056000000500057703113B3000040004E8151274
:10057000293100020002DA153E293200040003741A
:1005800003143A33000500056F03B53A3400010047
:1005900001B5035D253500040003C91508263600A2
:1005A0000500056A0332263700040004D6150D2520
:1005B00038000300038B033F253900030002DF15D9
:1005C0002F4D3A00030002DF1592263B000600067D
:1005D0006403B1263C00030002DF15B44B3D000369
:1005E0000002DF15D04B3E000800085C03EC4B3FD7
:1005F0000006000664035A4C400005000557031C22
:100600003541000600065103B3344200030003974E
:1006100003F5344300010001B503674944000200BB
:1006200002B003E7494500020002DA15044946001A
:10063000010001B5030B4F4700020002B0036350F5
:1006400048000400044D0321494900010001B5039D
:10065000604E4A00020002B00315504B0003000335
:100660009703BA4F4C00010001B503AD4D4D000298
:100670000002B0032F4E4E00020002DA158E4D4FDD
:1006800000010001B503811E5000020002B0034BBF
:100690001F5100020002DA156F4D5200010001B532
:1006A00003D61C5300020002B003FF1D54000200D9
:1006B00002DA15131D550004000449034E1E5600AE
:1006C000010001B5037E1C5700020002B003901D1B
:1006D0005800020002DA15BB1C5900030003C615BE
:1006E0002E1D5A00010001B503261C5B000200020A
:1006F000B003541D5C00020002DA15631C5D0005A6
:100700000005A203CB1D5E00010001B503F5215FCA
:1007100000020002B0031B216000020002DA15771C
:10072000206100030003970358216200020002DAEF
:1007300015C1206300030002DF15CF1F6400040011
:1007400004D215E0206500030003970392206600A1
:1007500003000397034841670005000544035E4119
:10076000680004000440037F416900070007390363
:10077000A8416A00020002DA15D0416B00010001B5
:10078000B5033E2A6C000700073203B32A6D00034D
:1007900000032F03672A6E000300032C037D2A6FDA
:1007A00000020002DA15992A70000001000000849E
:1007B0005271000000050000000078DA9D5A7B6F3E
:1007C000E33612FF2A3A03C55D0FC99E25DBB29DB1
:1007D00043FFC83ADEDDDC6E1EB5936E718783A0E1
:1007E00048B42D440F5794F2B822DFFDE6C1976458
:1007F0006F0B6C81AD4572382487F3F8CD30BF0F95
:10080000E2FD7E7036F89C67FBBDA807278387361C
:10081000CBD3E849D432AB4A0943DB2439F3FEF6A3
:1008200071B1F8D19BBC1BBF1B7A0F59D936592E19
:10083000B1F7FADE7BAF9A3F7AC1BB207C170CFD83
:1008400070E807136095544511972930F97D10A77A
:10085000D20F826114374D9CECA2A6CEB65B5147F5
:100860007119E7D5D6ABB2F4A71F12AFDB1B71EF3E
:10087000E06C363BA1F923BF18BE7C178779001CBA
:10088000F2BC4AE24660A7F492AA2D1BE60E434C46
:100890009D95DFC57CE4A3D49A06C415C5C9A3A65B
:1008A000B62B8C4387204D35C1BE92F493953FFD06
:1008B000D07AFB36CFA376CF136676C26FADA85F32
:1008C0000D4F38C22352D742365193258F925B4D3C
:1008D0001D97B2C89A48AFEA6525DCA15A7F0A770E
:1008E000918BB88EE4AE6DD2EAB91C9C05783DE5DB
:1008F00026DB46EA66F412729FA9937969DCC4513B
:100900002DE2F435E24D82B0E69D797423476626E8
:10091000BBB82C458E9F655B44AA29BFC1743E724B
:1009200098BEE4A3F1E490E5E02C7496D6F7654414
:10093000A9388D2CA787220345D4040FAD8CBA9F0C
:1009400051F3BA17C4783AB19358E876163623E7CC
:1009500026ED1EA853D4DD1D746E71121AE234DB2D
:10096000664D9C4755DBF4263CC5792B482E621317
:10097000B77913998E227E89D2B68E1BB0433A9CEA
:100980003F35FC04585553ED3BBC92CEE2815D7C73
:10099000978EC7D39911452D95E03DA13FD2B1F96E
:1009A0009A98AFD07C4DCD97C8E357A37670255663
:1009B0008B762F53DF68C236065372742085736BB3
:1009C0001E32C91FAD3A59D16741E2E9AB1E5BBE89
:1009D000595204C3F978A6590399F50BBE21CBD31C
:1009E000C40FFDE018D5E968D8278B9EB36607EAE7
:1009F000D33C1C4EF0B09B3748939D353219A4CFA1
:100A00007FAE511E10C2E9B3BDA362F640C5BE9DC4
:100A10000793E1B19D4E6786AA14D53E7B11794FAD
:100A20005BC87864F63FE0BA6BC11137116A89E39D
:100A300007A4802E10BEBDA3C9D830DD3F174734B0
:100A4000307905DF607928FDDBB57D8D849E0395C7
:100A50001CDBFB93958C3659EE9804524B9120B1D8
:100A6000646106560C60D9FD7DA0F76CB22711EDCC
:100A7000B2ED8E3DEBDCA507B3DFE6E288B731636C
:100A800056E0A7C1B433553BBE63B3D55054C8ED4F
:100A90004F3FFC1DA2D568DC998BCA820A9C48A3F3
:100AA000A0237B53B299CEADF74CE4113DF7242837
:100AB00087FE7C2D93A86B475E52A451DFB426CEEF
:100AC000D11B81B1D96C1D9A4A3FBD34ABF527FBD0
:100AD0007B22B6546D2E85C334B0EEB1D989BAA845
:100AE000C089ED8F8AD41DB6520DAD53698AA48D8D
:100AF0006BA34BF54B74E001BDC674A2A636592119
:100B0000F868D6A48EC759AB4AD6881DE7D7D42833
:100B1000447B1760DEA97868C1682A803273DD8261
:100B2000A5B764307CA9BE21C3E0E355752A6A5C91
:100B30000C0272CDEE35D004CF75D688030AB40C02
:100B40002684FD8B42D45B5126AF11FA61D8047420
:100B5000B14F8E7655210EE2B58C8BBD6B65AA6DBB
:100B6000A275379EC3D66D1CE0E3463D0C0287900C
:100B700015FBA860621727B4007B8A1B61041480F0
:100B80003A6F329030F88D8865E82575C21EFC6496
:100B9000B0059741FB849B512DA2017FC4CD768F78
:100BA0005707C67E3250A104CCBA4C23505B1329A0
:100BB000F19BE51CFA3D32BC02CF41148A0CAE8396
:100BC00062C6F72142D80B7A4E7477E07D5D670AE2
:100BD0004D72852001FCC5CB1392D57FECDB59F219
:100BE000D99D08C66A0C348D1D5576CCA7C32A54EE
:100BF0001B20DCB5B1C649AA8327F450CBA25C28E0
:100C00003F09A7CD525136D906B0DC66033B20C35D
:100C100037C00276A663D3F7C8E37404CAAB630691
:100C200089DDDCFEC41D69F7A9D50C06A0BBD6B9C9
:100C30009509E831AB500F1576F413E43FEDD191EF
:100C4000CAB5D641CE4297A003137BACE6FE016540
:100C50009FD97C68493AF0B0C72A9CF5E8FA8C42E3
:100C6000BBED3E82FC4E4B7D786D04B87C32C87D76
:100C70004578DB2BACF5AA98695BA02E5B60B613B8
:100C8000C9A3032BF1F6785F5DD4DA3BDF74DC2572
:100C9000EB1F6F6A6EAF074ECDE1F61538E7FED158
:100CA0009CA033D10C3A70AE7FF9A30ED5C1D59B71
:100CB000C3F4B15B9FCFB04F7870A0B9A6E8E1BB99
:100CC000BE0E997D77315A5F7E7E97EC6039B3A175
:100CD0001E48EBF399F6E80E1819ED3F802DDFC89A
:100CE000E0D0C30248C9368D822F469599754F00D2
:100CF0007064A30BC722F937567134B3A398DC0094
:100D00000401312275F43264B9B6E2580263D6A800
:100D10005CB8E99B293DB469C88D31805B1C6B626E
:100D2000842B9E05E0A2E660AB3DE48EBC2FFC6602
:100D300010CE40BF08E8222A08D53731E030D65F10
:100D40001066C0BD228D7B885EFA051B1F1D10D169
:100D500011081E1B9E1DAC0C93429E548A17B505AC
:100D6000406426D86535C75F9F89B440FE04778309
:100D700058702B1603E15C46C69A73E9E26A9091BB
:100D8000D86CA24D1D43F0CB1A0DB5C3031E1C77C2
:100D90002299C4F6403A16651E759B8F0E3B2F6E46
:100DA0009B2AD2A4C47D72C05DEDC844546E4659DE
:100DB000FAA220DD909857D257BF81FA1DA9DF31E2
:100DC000FC22EBC3C3BB70E680318E316BFCF215A5
:100DD00013502C272BE805691BEF4E8339133A215A
:100DE000D3191E4DF46807666097821945950A0766
:100DF0006EC094A99DD2C51845262B8D2C8A4A66B3
:100E0000C71205CDAE0FDCC31173FDF6494678DF7E
:100E1000948AFC11389BCCBA54C7B1D904CFC049CD
:100E2000478400107042E6DC2DA8FDDC1210EC4473
:100E300017C0C8C4021507B5C20C5858A50C1D59D7
:100E400077F1120316B0D61ECC7121F59FC0614F09
:100E5000D475E5B68DDF29AA326B60C87A43D50117
:100E6000BE8F847C1A1CAE7C0C4F9FA241F7E8F029
:100E7000BAEBF839A2F86EC206741478B1197FE2A1
:100E80003AA89D248CC3F90712EC50E8E282EE5692
:100E9000FE82F8CD911F8985F8402C39E278C11186
:100EA000CD2C5DE3266F045D22276850DB084ABC29
:100EB000ECB35A74520EBB626FD72E11A81103CE39
:100EC00063E1C3F1BCE3379DDB61A5F8FC62115D12
:100ED0009DFF8A191BFA82F7F7EBE8F6F27A8DA1EB
:100EE000747036B87D3F3AB97D1FC03F7FE00C3645
:100EF000CF3478313CB9BDC081C5979BC5E7E8C305
:100F00006AF9333AE921FD7732B85ADC0355DC142B
:100F1000621B0793700884B75FAF78B500C1CF6AD2
:100F2000B9585EFEB28CBE5E5E5FDC7C45450FB09C
:100F300073BD5C4127EF42D4599CE35A4B586B89EF
:100F40006BC1E8E5F997E8FDF9FD05B2E1A5D677B3
:100F5000E777EB687D7FB5FE1946D64B1C09B17B60
:100F6000797BBB5C4537B777975797FF5E5E44F751
:100F7000D7D8C729821EC5DFE8FDCDDDA76879F186
:100F800011A6FA6F98E1B5907352E9C514D4192DE2
:100F900093C69F61DF7A79BDBE5945CBD50AFEBFA6
:100FA000582D28AFE874E259EE602F6F5860B6559F
:100FB0002B9C0CE90CD1939C876F9CDF00118E91C8
:100FC000789D3E854A7008AF00CEB2BCB9BFA3AAD7
:100FD000F2F5F9E233AF7B77BEBA8BB839D2CDD513
:100FE000F2FC42F5818B5EDF2F16CBF59A59EBFCB4
:100FF000C71EE732584417E777E7BC77E28E5D28D3
:101000005A585475C24A97D7BF9C7FB9BC60E6381E
:101010008117E473AF96B737AB3B434E2BB9F53925
:101020005CE8CBE53AB880EB862B80CFD1C527169C
:101030003938651CBD3D1F0ECEFE333C99FD17D4DB
:10104000E53D7ECFF87B81DF0001A871810D883BF3
:10105000D4586203503D353E6063ACE67FA486629F
:10106000F0091B13C5E05FD898AA399F691935E7C5
:101070000B3570CE5B27ACA9DDC7FE6834A2CDC7A7
:1010800072321C4F53124AD184333F2449E0671017
:101090004A1279938BC9D00F1E58075424432EE669
:1010A000DAF16A33F41075564286942A9BF4C876B6
:1010B000379CC1B0719FE754C7F77471216514B5AF
:1010C000884BAFAC1A88D4F0AFDA00E0792E18ED77
:1010D00078E452BCE75D06DFEC1AA4B78770002BFA
:1010E000314CD3735B290813D7BEB7A96A0FACF490
:1010F0009FBA9D491C4DA99FBA54D101A6FEB54186
:1011000098E8C96C0B1BF29A5DDC2075ACB6C91867
:101110008AEB258A5822297A24AEEA702F014A6286
:101120000D3B15A5A7EB6F663EE8E1829FB6BC7D3F
:101130005C8347E0A04305133D500B081DB2A1E7B7
:10114000A50F319C37F59ACAA3D087956EF2BF1CC4
:10115000693F70D154E3A7AC4CC58B97C7353A555E
:101160003842D9A9A372F5ECD3AF989D6195FD1FC4
:10117000AACADEB91DCF3F1DF3AB0F988BA72C90E9
:101180008DC72333D47DBEDB87D6A307863C70C7CB
:101190009184FDFD25A7079E4DE8F5B38EC7CE5B74
:1011A0001586F9F9CA509B44BB9F2AF31B85A6D329
:1011B0002F2FF6298BB13F83304DA55E14A95265C0
:1011C000FB800C2F222E040892AB9C7AB0A800352D
:1011D000ABBBF0B0708EE1C60E9B32BB29ACB32323
:1011E0003E18578513B3FEC81108A88FC7B68825C7
:1011F00044DD8B056E1DD48259A75F6584E882D4D7
:10120000C4C9B04B000AD8EEED99243F26698A4E36
:10121000C6E770C16793ABF805F560A605CA88F408
:101220004A4819836288320184A9D515585E65122F
:101230006D49263B91B639564C613266339E0AD9C8
:10124000A458E249E04D20EEF9F6845D5CA764EA1B
:101250008A1AABE857287ECAF03CF8AA3779F5CC51
:1012600029E235D878ECF171D0B990AB9DF406C085
:10127000EA7900DF99DC81ACDC731EC5152B1A2AD4
:1012800071A7B67B4CA1DDD8FEBEAEB620CC02B6AF
:101290001EE3D93600A26197206C816E0BAB912BB7
:1012A000A10E85A68A7E05964151C335A01D631DFA
:1012B0006D6D080EA4E33D67790E4829017E9D7788
:1012C0001246CB76A691D01FCCC067CC35F820BE95
:1012D00043DA005264455BE83E6D1C8829F4DB0666
:1012E000BDF10233F25AE481DDE7DEB572634D559C
:1012F000799B984EC727C364E9CE5529141910D29B
:10130000EB0F574DEF481E381340A2141455EE4B07
:10131000D9EED19005BB348A23F86CF1356E925D1D
:101320005A6D598A7FE1EC855EDF21EAB6E523300C
:10133000467FC80F9A4EBFB40321BEC9A38D80C398
:1013400094E0E7D182018282A7917CBFF8108B38AC
:1013500004159F566FED6EF859CA8EB2D570B5C19F
:10136000F4A27976E7D8B70D0E00559943CC788270
:101370002DC50FB90E0546A073C2425EA33D24667B
:101380005698BDE55E6F51383BFDC1818942EACF79
:1013900010527E929058144607CE2A07B9374960FA
:1013A0006CD225724D247A8A09FCF6740456E37DCA
:1013B000B375E07B950A566C7B987E41603F78D38D
:1013C000C1C80ED877E4CF2613C20FAA111280E04D
:1013D000463821E58146184EE17BF47690BB58C033
:1013E0007675737D79A790DACD2FCBD5872F04A2A0
:1013F000C1B6CEBF46ABF36BC4B24383CCD6B7CB3A
:10140000C5E587CBC551A606DC3CC8084F8DAF3774
:1014100060B5103FE2C768DBD012F8E3BF11A04B04
:10142000404F806A807F90F2F1F6CBD3684085A16F
:101430003D7840C170D9FC8947A79A40859B6E6969
:101440004AA5CAA723FB37189D29B153BAE5A28341
:101450007A60422FCF15289B729DFAE6F1D943D4CA
:10146000495F9495D1030CF6699DA21A0178C9C809
:10147000D4BC603ABD02522DF78FF6AD66A88FC876
:101480002EEF6388D7AF5E12CCD93C629D4EEDA3A0
:10149000518733E4DAE0D50FD770DFA460FA8473A4
:1014A000012DE3DE0B8CCA0F54ED942894547DFB80
:1014B00010E24C362F225C847887A4F86462A5E39E
:1014C000F561A912104673F3BCA1CEA8CB346D927E
:1014D000D07B0D55F7801D2CE6BE089ECEC8FCC003
:1014E000BFC096F3C74E314422642813D17B1FF14D
:1014F000A922E4CCE9147E6DAD4155667502CDE5B7
:101500004197E5434B1128E5A23CC0507031910E44
:101510009192CFE6630495D6B9EB078A6F0862749F
:10152000ACE47570416E65D8B9177FD4AB301D4CF3
:10153000ECDD63408942DD10723FC5908EFB925610
:1015400015655BA81FF99B3285C0568D7A25257ECF
:101550008AC25A46D8F353DD2B3D62AEF841914A18
:10156000DD73600B4D8747C01213DBEAFCB00473D8
:10157000DC0AF8AB6353A15B46B17392D854C18EB9
:1015800097A61CB730461F4E2906FFB143DBF11961
:10159000987CAABFC0039FF6347CE78FDE0D4FC353
:1015A000F9FC749B4C87D334F5E7C1E0EDFF865618
:1015B0004920F80D000028292A2B2C2D2E2F5051C0
:1015C0005253545556570404000402070400000205
:1015D00000020400000404000000040404040704E2
:1015E00007040007040404000404000404010704C1
:1015F0000004020000000000000006000202880053
:10160000100A03C6158700400A03C91586001E0D7F
:1016100006CC158500400A03E1158400150B04D2A1
:10162000158300180B04D61582000B0902DA158108
:1016300000400902DF158000400A03DC157F0040EE
:101640000903DC157E00400802DF157D0040090318
:10165000E1157C00110A04E4157B00110A04E81569
:101660007A000D0802EC1579000B0701F3157800DC
:10167000400701EE157700120A04EF1576000B07FC
:1016800001F3157500100802F4157400150903F62E
:10169000150000400802F91573000E0802FB1572D0
:1016A00000090701FD157100060600000020002357
:1016B00000260029002C002F00320000010000034A
:1016C00001060109010F470044004500800135482B
:1016D000004400450020010D88008000810080004A
:1016E0000E8A008000810020000F8C0080008100A5
:1016F00008000CB300B000B10080033EB400B0009D
:10170000B1002003239800900091008000249A00EB
:10171000900091002000259C009000910008003B63
:10172000A800A000A10080003CAA00A000A1002009
:10173000003DAC00A000A10008005B2801200121B1
:101740000180005C2A012001210120005D2C012084
:1017500001210108000011241FBECFEFD1E2DEBF3E
:10176000CDBF00E00CBF14BE0FB6F894A8958091D1
:101770006000886180936000109260000FBE12E0EC
:10178000A0E0B2E0E6E4F8EA00E00BBF02C0079098
:101790000D92A033B107D9F723E0A0E3B2E001C076
:1017A0001D92A43AB207E1F70E947D2C0C942154BB
:1017B0000C940000CF93DF93CDB7DEB7C754D109A7
:1017C0000FB6F894DEBF0FBECDBF0E946A2C6B012E
:1017D0007C0180912602882311F40C94A2150E94AA
:1017E0006A2CC61AD70AE80AF90AF89480912602E8
:1017F000882361F08FEF80932702809326027894EC
:101800000000F894809126028111F9CF78940E940B
:101810006A2C97018601060F171F281F391F24966F
:101820000CAF1DAF2EAF3FAF249781E0809326020F
:1018300080916102882309F443C0109261028FEF06
:1018400089838E010F5F1F4FF2E5EF2EF6E1FF2E29
:1018500066E777E4C8010E9478376C01892B81F133
:10186000D60156968C9182FFF3CF0E946A2CF89491
:10187000F60137892689422F4B7F468B78949F93B8
:101880008F937F936F931F923F9321701F922F939B
:1018900089811F928F93FF92EF920E94AE222DB703
:1018A0003EB7245F3F4F0FB6F8943EBF0FBE2DBF2B
:1018B00066E777E4C8010E9478376C01892B81F6CE
:1018C00080916202882361F1109262028FEF898316
:1018D0008E010F5F1F4FEBE4CE2EE6E1DE2E64E1BA
:1018E00078E2C8010E9478377C01892BC9F0D701C2
:1018F0005D969C915D975E968C919813F0CFF894CD
:10190000F701858D968D891711F40C94CE16789475
:1019100064E178E2C8010E9478377C01892B39F7AD
:1019200080914C02882329F110924C028FEF898319
:101930008E010F5F1F4F76E3E72E76E1F72E6EE301
:1019400079E2C8010E947837009799F0DC01589637
:101950002C912F3FA1F7F894FC01268521110C94BE
:101960006B1578946EE379E2C8010E94783700978E
:1019700069F780915502882309F440C010925502FE
:101980008FEF89838E010F5F1F4F6FE2E62E66E1B6
:10199000F62E65EB7AE3C8010E947837009771F163
:1019A000DC011E962C911E9723FFF3CFF894FC01C7
:1019B0002685277F268778949C01265E3F4F3F939C
:1019C0002F9350968C918695869586951F928F932E
:1019D00089811F928F93FF92EF920E94AE22EDB702
:1019E000FEB738960FB6F894FEBF0FBEEDBF65EB9D
:1019F0007AE3C8010E947837009791F680914B02F4
:101A0000882309F44BC010924B028FEF89838E011B
:101A10000F5F1F4F51E2E52E56E1F52E6FE375E2A1
:101A2000C8010E947837FC01892BC1F1848D80FFA9
:101A3000F5CFF89494812581368147815489658951
:101A40007689A789B08DD18CC28CB38C848D8E7F22
:101A5000848F7894BF92CF92DF92BF93AF937F939E
:101A60006F935F934F933F932F939F9389811F921F
:101A70008F93FF92EF920E94AE222DB73EB7205F68
:101A80003F4F0FB6F8943EBF0FBE2DBF6FE375E218
:101A9000C8010E947837FC01892B41F680915102E0
:101AA000882309F456C0109251028FEF8AABAE0121
:101AB0004E5C5F4F1A013CE0932E47E0842E65EFA9
:101AC00074E3C1010E9478375C01892B09F441C09D
:101AD000D50159968C91599780FFF1CFF894F50173
:101AE0004480558066807780818D8E7F818F789449
:101AF00058968C91813009F438C408F416C48230A9
:101B000009F462C48330D9F6CAA819821A829E01E8
:101B10002F5F3F4F42E061E0F501848995890E9483
:101B2000AD3209811A81102701271027F02FF67096
:101B3000EF2E20E030E0B301A201C5010E9467351D
:101B400065EF74E3C1010E9478375C01892B09F0CD
:101B5000BFCF809163028823F9F0109263028FEF68
:101B60008AAB8E010E5C1F4F1801B9E0BB2E0153EA
:101B7000110982EFC82EDD24DA9406C0D7011E9623
:101B80008C911E9780FD60C464E079E4C1010E94DD
:101B900078377C01892B91F780916402882341F189
:101BA000109264028FEF8DABFE01F5967F018FE2FC
:101BB000282E8E010F5F1F4F48019FEA392E20E328
:101BC000B22E38E2432E48EA742E51E3552E68EEC9
:101BD000662E06C0D6011F968C911F9780FDABC460
:101BE00061E279E4C7010E9478376C01892B91F793
:101BF00080916502882331F1109265028FEF8DABE1
:101C0000FE01F5967F01E2E23E2E8E010F5F1F4F2F
:101C10004801F2EA4F2EA0E3BA2EB4E25B2E11E3A4
:101C2000612E04EA702E06C0D6011F968C911F9774
:101C300080FDC9C46AEB7FE4C7010E9478376C015C
:101C4000892B91F7809166028823D1F01092660269
:101C50008FEF8DABFE01F5967F0162E7962E74E75C
:101C6000B72E06C0D60152968C91529780FD7EC544
:101C70006EE87DE4C7010E9478376C01892B91F7EB
:101C8000809167028823D9F0109267028FEF8DABA5
:101C90008E010B5C1F4F780130E7932E42E7B42E84
:101CA00006C0D60152968C91529780FDC5C56FE64D
:101CB0007DE4C7010E9478376C01892B91F78091F0
:101CC00045028823C9F0109245028FEF89838E0167
:101CD0000F5F1F4FCC24C394D12C06C0D701199697
:101CE0008C91199781110EC66EE47EE1C8010E94A5
:101CF00078377C01892B91F7809146028823B9F0CF
:101D0000109246028FEF8AAB8E010E5C1F4F1801B6
:101D100006C0D80151968C915197811177C66EE219
:101D20007DE1C1010E9478378C01892B91F7809168
:101D300047028823D9F0109247028FEF8AAB8E01B9
:101D40000E5C1F4F180182E1D82E0153110906C005
:101D5000D70151968C91519781115DC46BEC7DE157
:101D6000C1010E9478377C01892B91F7809148024C
:101D7000882309F487C0109248028FEF8AAB8E0146
:101D80000E5C1F4F180166246A9461EC70E2C10179
:101D90000E9478377C01892B09F474C0D7011E9604
:101DA0008C9180FFF2CF7AA8BE016F5F7F4FC70191
:101DB0000E94CA219C01F894F70196859E7F968720
:101DC0007894232B09F062C6898183FFDECFF70167
:101DD000A388B12C6501F4E1CF0ED11CCE0CDF1C21
:101DE000D7011C968D919C911D971BAA860122E01C
:101DF000AE014D5C5F4F61E00E9428304C01F7015D
:101E00008485958521E02CAB0E5F1F4F22E0AE014B
:101E10004C5C5F4F61E00E94283088299929892B0A
:101E200011F00C94DB17F701EA0DFB1D84898F3F3D
:101E300011F40C945218F6011181D60112964C91AE
:101E4000129750E060E070E0762F652F542F442702
:101E5000612B13969C91492B782BDB01CA018827B3
:101E60009927AA27B07E892B8A2B8B2B11F40C94EF
:101E7000D21760E0F701E65BFF4F808191810E94FD
:101E800024461CC680914902882309F47FC0109221
:101E900049028FEF8AAB8E010E5C1F4F1801772429
:101EA0007A949E012F5F3F4F3FAB2EABAE014A5F4E
:101EB0005F4F59AF48AFCE0109969BAF8AAF8DE116
:101EC000482E25E0622E33E0532E62E970E2C10114
:101ED0000E9478376C01892B09F458C0D6011E96F0
:101EE0008C9182FFF2CFF894F6014481558166818E
:101EF0007781F1881686118A789480859185A285EC
:101F0000B3858A019B01081B190B2A0B3B0B0CAFF5
:101F10001DAF2EAF3FAF86010E5E1F4FD601FF20D3
:101F200089F056968C91F601E80FF11D778A108E94
:101F3000118E8D5FF601868B813310F5FA94D601F0
:101F4000F110EFCF1F961C91112309F477C11130C6
:101F500009F4AFC1123009F4B0C6133009F46EC7EA
:101F6000143009F4B1C7D60156968C9190E0C19710
:101F70000CF4ABCF6AA9C60142960E947946A1CF64
:101F80006AA9C8010E947946FA94D9CFA895809190
:101F90008002882329F080E4809360001092800200
:101FA00010914103112309F46FC00091300200FD2C
:101FB00013C0153008F468C0D0908102BD2C8BEF9F
:101FC0008D0D8C3308F4E8C5EEE7BE1611F40C94C1
:101FD0006419016000933002412F50E06EE770E019
:101FE00081E892E00E94F253009739F00E7F00934F
:101FF00030028158924011E0180F01FD0CC0902F63
:1020000092609093300283EB97E09F938F930E94AE
:10201000AE220F900F90D12ECC24CA9420E00D2D2B
:1020200010E019C0822F90E04E2D50E0481B590B54
:10203000B801680F791F6F577D4F8F579D4F0E94D2
:102040000854109226022E2D8FB7F89490914103D8
:10205000F91661F08FBFF0904103EF2CED1811F7E6
:102060008FB7F89490914103F912F4CFE0924103B5
:102070008FBFF1E0CF1208C083EB97E09F938F935F
:102080000E94AE220F900F900E946A2C6B017C017F
:1020900024960CAD1DAD2EAD3FAD2497601B710B8A
:1020A000820B930B8090390290903A02A0903B02F1
:1020B000B0903C021FEF811A910AA10AB10A8092E6
:1020C000390290923A02A0923B02B0923C024090B8
:1020D0003502509036026090370270903802460EFA
:1020E000571E681E791E4092350250923602609249
:1020F0003702709238026115710521E0820791055F
:1021000008F028C59B01AC010E94EE52DC01CB0116
:1021100081509F4FAF4FBF4F892F9A2FAB2FBB27B7
:102120004091310250913202609133027091340239
:10213000840F951FA61FB71F84179507A607B7071B
:1021400018F48FEF9FEFDC018093310290933202FD
:10215000A0933302B0933402409141025091420265
:10216000609143027091440297018601041B150B94
:10217000260B370BB901A8014115544B644C744030
:1021800008F427CBBF93AF939F938F937F926F9267
:102190005F924F92BF92AF929F928F928AE896E1A0
:1021A0009F938F930E94AE222DB73EB7225F3F4F81
:1021B0000FB6F8943EBF0FBE2DBF809141029091A3
:1021C0004202A0914302B0914402C816D906EA0621
:1021D000FB0698F480913D0290913E02A0913F024F
:1021E000B09140020196A11DB11D80933D029093D4
:1021F0003E02A0933F02B0934002C0924102D092AF
:102200004202E0924302F092440210923102109294
:102210003202109233021092340210923502109260
:102220003602109237021092380210923902109240
:102230003A0210923B0210923C02CBCA82E389839D
:102240001A820E946A2C4B015C019E012F5F3F4F56
:1022500042E061E0F601848595850E94AD320E94DE
:102260006A2CDC01CB0188199909AA09BB098132C2
:102270009340A105B10508F04AC0898187FD55C486
:102280002A81E22EF12C9701220F331FE82EF12C28
:10229000C701982F8827990F7901E82AF92A950113
:1022A00084014CAD5DAD6EAD7FADC6010E947D2158
:1022B0005ACE8FE789838EEF8A830E946A2C2896F4
:1022C0006CAF7DAF8EAF9FAF28979E012F5F3F4FC2
:1022D00042E060E0D6011C968D919C911D970E9472
:1022E000AD320E946A2C4B015C01DC01CB012896C7
:1022F0000CAD1DAD2EAD3FAD2897801B910BA20BF1
:10230000B30B81329340A105B10508F491C4D60105
:1023100056968C91F601E80FF11D778A92E0908F26
:10232000118E8D5FF601868B1ECECAA819821A8285
:102330001B821C829E012F5F3F4F44E061E0F5014C
:10234000848995890E94AD3269817A818B819C81D3
:102350000E94FE52F62FF770EF2E8B019C01B30105
:10236000A201C5010E946735AACB0AA90CAF9982C8
:102370001A821B821C829E012F5F3F4F44E061E066
:10238000848995890E94AD3269817A818B819C8193
:102390000E94FE526B017C01BFE0B9831A829E014C
:1023A0002F5F3F4F42E061E0F501848995890E94EB
:1023B000AD32970186013327CCACEA80B301A2018C
:1023C000C5010E9467357BCBCAA881E089831A8248
:1023D0001B821C829E012F5F3F4F43E061E0848996
:1023E00095890E94AD3269817A818B819C810E949E
:1023F000FE52BB27A92F982F872F8C019D012227E2
:1024000033270CAF1DAF2EAF3FAF89821A829E01DA
:102410002F5F3F4F42E061E0D50154968D919C9132
:1024200055970E94AD328A81982F9C7F8CAD817028
:10243000E92EE82A0CAD1DAD2EAD3FADB301A201D2
:10244000C5010E9467353BCBAAA8F8012B2D11923C
:102450002A95E9F7C982980149E061E01C968D91BF
:102460009C911D970E94AD32D70153968C9190E0BC
:10247000FC017496EE0DFF1D3B81232F207FE1F0C0
:10248000203FD1F0D482D382D282D182F701E80FEB
:10249000F91FD48AF70183898B5F838B8F3208F011
:1024A000F5C3D7011E968C911E978E7F1E968C9336
:1024B000C7010E94C84968CB2D81422F407F09F097
:1024C000B3C35F81452F407F11F0403FD9F6488567
:1024D0004039C1F649854F77942EB0E2B41790F297
:1024E000D701A80FB91F4A8154964C938C818183E0
:1024F0008E818283852F90E03F71AC01440F551F80
:1025000042955295507F5427407F5427342B338374
:10251000880F991F880F991F80762F71822B8483D3
:10252000D70153968C9153978B5F53968C938F3230
:1025300008F4B2C3ACC3ADA851968C918033E0F0DF
:10254000F6018685882309F417C6813009F497C5FA
:10255000D6015696BC926A2DC60142960E947946D3
:10256000F60181898053818B803310F1109226020D
:1025700081E08093640234CB1AAAD6011E968C9116
:102580001E97882309F4B1C5813009F43EC6D601EF
:1025900050968C91813009F44BC680E08F73982F50
:1025A000990F890F880FD60151968C93803340F68E
:1025B000D6011F968C911F978E7F1F968C93C60114
:1025C0000E9444500DCBADA850962D913C9151974F
:1025D0002033310508F4B4C4F6018685882309F454
:1025E000E9C5813009F43CC5D6015696BC926A2DE6
:1025F000C60142960E947946F60180899189C0976A
:10260000918B808BC09708F405C31092260281E05D
:10261000809365020FCBCAA855968C91559790E090
:102620000296482F440FB42EB80EF8012D2D1192AA
:102630002A95E9F798014B2D61E01F968D919C91A9
:1026400050970E94AD32D70151961C925DEF5B0D01
:102650004CEF4B0D552309F445C5F8012FEF3FEF23
:1026600081918327982F92959F70892790E0322F30
:10267000222728273927BC01762F66277295707F7D
:1026800026273727880F991F82959295907F982744
:10269000807F982728273927415010F7452F50E091
:1026A000F801E40FF51F808190E0982F8827E2E081
:1026B000F0E0EC0FFD1FE40FF51F4081842B28177D
:1026C000390709F04DC4898182FD94C2D701539620
:1026D0008C91811192C2F701848990E00196982F24
:1026E000990F890F90E0F801E80FF91F8080912C75
:1026F000A12CB12C540199248824E3E0F0E0EC0FE4
:10270000FD1FE80FF91F2081822AE2E0F0E0EC0FC4
:10271000FD1FE80FF91F8081982AA7FE02C0BB2485
:10272000BA94B501A401F701E25BFF4F808191816A
:102730000E94E341D7015A968C91F701E80FF11DF1
:10274000838E948EA58E8B2CBB2487FCB0949B2CFF
:10275000AB2C868E8C5FF701828F803308F4FECA23
:102760006C2DC70146960E947946F8CAADA85096CE
:102770008D919C915197C09770F1B9828601085E46
:102780001F4F20E3AE014F5F5F4F61E0F60184858C
:1027900095850E9428300E94AB1A80E3D601579697
:1027A0008C93579750968D919C915197C0975196C5
:1027B0009C938E9350976A2DC60143960E9479464A
:1027C000F60180899189C09778F11092260281E004
:1027D000809366024DCAD6011C968D919C911D97DF
:1027E0009AAA8E010F5F1F4F22E0AE014E5C5F4F31
:1027F00061E00E9428300E94AB1A89818F7190E0BD
:10280000982F88272A81822BF6012685378528175D
:10281000390710F497878687D60151969C938E933B
:102820005097C0970CF0A9CFF60182898E7F828BDA
:10283000C6010E942C1F1CCAADA850968D919C9178
:102840005197C09770F1B9828601085E1F4F20E34F
:10285000AE014F5F5F4F61E0F601848595850E9470
:1028600028300E94AB1A80E3D60157968C93579775
:1028700050968D919C915197C09751969C938E93B1
:1028800050976A2DC60143960E947946F6018089C9
:102890009189C09778F11092260281E080936702B7
:1028A00006CAD6011C968D919C911D979AAA8E01FD
:1028B0000F5F1F4F22E0AE014E5C5F4F61E00E9450
:1028C00028300E94AB1A89818F7190E0982F882759
:1028D0002A81822BF601268537852817390710F4BF
:1028E00097878687D60151969C938E935097C09771
:1028F0000CF0A9CFF60182898E7F828BC6010E94DF
:102900002C1FD5C9B9801896AC9018972A2D30E0A5
:1029100052960D90BC91A02DF70194884588568859
:102920009789295E3F4F40E050E0BA016B2CF201DD
:10293000792C5A2CF89490830000000090838C919D
:102940007894440F551F661F771F8721812C912C87
:1029500054018394811103C0812C912C5401482986
:1029600059296A297B292150310920F7B62CA52C39
:10297000F894D70119962C91199719961C9278946E
:102980002A013B010A2C04C076946794579447941B
:102990000A94D2F767FE02C077247A94C60101C078
:1029A000880FAA94EAF7815090E0A0E0B0E04823B5
:1029B00059236A237B2384179507A607B70709F4D1
:1029C000D6C220E030E040E050E8D7011E962D93BB
:1029D0003D934D935C93519740E830E020E090E0C8
:1029E000D7015C968C91F701E80FF11D958F268F2A
:1029F000378F40A38C5FF701848F803308F474C94C
:102A00006B2DC70148960E9479466EC9BAA81982F3
:102A10001A821B829E012F5F3F4F43E061E01F96A9
:102A20008D919C9150970E94AD32F801118A898155
:102A3000CA80D12CE12CF12CFE2CED2CDC2CCC24EA
:102A4000E82A8B81C82AE7FE02C0FF24FA94B70166
:102A5000A601F801E55BFF4F808191810E94E3416F
:102A6000D80157968C91F801E80FF11DC08ED18ED8
:102A7000E28EF38E8C5FF801878B803308F44FC9A8
:102A80006B2DC80143960E94794649C961E0E65B17
:102A9000FF4F808191810E942446D70153968C91EB
:102AA000539790E0FC017496EE0DFF1DA80FB91F1F
:102AB00054966C926182128281E08383F70183894C
:102AC0008C5F838B803308F460C9672DC7010F9634
:102AD0000E9479465AC9318D308F7894AC01415F9C
:102AE0005F4F5F934F931F922F93FC0187891F9233
:102AF0008F9389811F928F93FF92EF920E94AE2253
:102B00002DB73EB7265F3F4F0FB6F8943EBF0FBEBE
:102B10002DBF0C949F0C28AD39AD2E173F0709F03F
:102B2000FFC19E81981709F488C2D60156968C91F0
:102B3000F601E80FF11D778A508E118E8D5FF60138
:102B4000868B11CA2496CCAEDDAEEEAEFFAE2497D6
:102B50000C94150C6115710530E18307910508F09F
:102B6000F0CA8B019C0101501F4F2F4F3F4F55273B
:102B7000432F322F212F0E94EE52DC01CB014091D6
:102B80003102509132026091330270913402840F0D
:102B9000951FA61FB71FD0CAC09082028C2D807FC0
:102BA000803109F011CA1D1508F46ECA8D2D90E010
:102BB000FC01E058FD4F20812E3709F005CAFC01C9
:102BC000E258FD4F1F01FC01E158FD4F9081D101FA
:102BD0008C91292F30E07901F82A6DEF6D0D81E895
:102BE00092E00E94802CE816F90609F470C3B090B8
:102BF0008102EAC981E0F701838B42E06C2DC701B5
:102C00000E94031FABC8F601318B208B20333105A6
:102C100008F0E2CC87858E7FD6011F968C93C60183
:102C20000E94F64F0C941A0E403F09F02BCC49CC71
:102C300080EC89831A829E012F5F3F4F42E061E062
:102C4000D6011C968D919C911D970E94AD322981D1
:102C5000EA80922F9E25892F82958F709827892F41
:102C6000869586958927982F9695892780FDD8C1C6
:102C700026FFF3C2F6018689E80FF11D778A608E80
:102C8000118E8D5FD60156968C936DC9912C6A2D4D
:102C9000C7010F960E947946BEE1B91508F04AC4F3
:102CA000F701818992890196928B818B109226027D
:102CB00081E0809363020C94C40DD6011C96ED91C3
:102CC000FC911D971481F280038140E06F2D702FDD
:102CD000812F0E943A370E946A2C4B015C01B0E1BF
:102CE0008B0E911CA11CB11C0E946A2C2B2D8616E8
:102CF0009706A806290B27FFF7CFF89441E06F2D20
:102D0000702F812F0E943A370E946A2C4B015C0180
:102D100078948AE0EEA9FFA911928A95E9F784E8F0
:102D2000898383E28A839E012F5F3F4F4AE061E0FF
:102D3000D6011C968D919C911D970E94AD32FE018B
:102D4000339685E09191892728E030E004C0880F10
:102D50002150310939F087FFFACF880F842521509F
:102D60003109C9F70AAD1BAD0E171F0759F780953A
:102D700090E02A8530E08217930709F0D6CE898546
:102D800084FF95C08B8187FD74C2D60156968C91C5
:102D9000F601E80FF11D778A94E0C1CAA488B588CE
:102DA00090888188728863888F5F858F7894A50169
:102DB00060E070E0F701EF5AFF4F808191810E943F
:102DC000E341F70180A190E0E80FF91FA1A2F7010C
:102DD000E80FF91FB2A2D70190968C9190978E5F61
:102DE00090968C939097482F50E04F5F5F4F5F967F
:102DF0002C9130E04217530714F40C946F0C970198
:102E00002F5D3F4F3F932F931F928F936F927F922F
:102E10008F929F9289811F928F93DF92CF920E940F
:102E2000AE22F70110A22DB73EB7245F3F4F0FB679
:102E3000F8943EBF0FBE2DBF0C946F0C83E88983BE
:102E40001A821B820E946A2C4B015C019E012F5F3B
:102E50003F4F43E061E0D6011C968D919C911D97F8
:102E60000E94AD320E946A2C9B01AC0128193909DD
:102E70004A095B0949015A0131E2831633E093069E
:102E8000A104B10408F043CA3A812B81532F522781
:102E9000452F42954F705427452F46954695542708
:102EA000452F4695452740FDADC021FFC4C1D60141
:102EB00056968C91F601E80FF11D778A608E118E7F
:102EC0008D5FF601868B4FC886E0EAE2F2E0DE0114
:102ED000119601900D928A95E1F70E946A2C4B01A0
:102EE0005C019E012F5F3F4F46E061E0D6011C96DA
:102EF0008D919C911D970E94AD320E946A2CAB016E
:102F0000BC01DB01CA0188199909AA09BB098132F0
:102F10009340A105B10508F0FAC9FE01339680E09F
:102F20009191892728E030E005C0880F21503109B0
:102F300009F4F1CD87FFF9CF880F07E08027F6CF9E
:102F4000D6011E969C911E97992309F4F3C09130E7
:102F500009F44AC1D60151961C921E9250975BCE3D
:102F600041E06C2DC7010E94031F0C94AE0E21FDA1
:102F70003CC0F70146855785608971894115510527
:102F80006105710509F0E2C2B301A201F701E05B3E
:102F9000FF4F808191810E94E341942D252D362D94
:102FA000472D1ECD7F70F701E65BFF4F8081918139
:102FB0000E94E34183CD62E0F701E65BFF4F808131
:102FC00091810E942446D70153968C91539790E0AB
:102FD000FC017496EE0DFF1DA80FB91F54966C925C
:102FE0006182128282E0838369CD20E030E040E09C
:102FF00050E4D7011E962D933D934D935C935197CA
:1030000040E4EBCCD60156968C91F601E80FF11D09
:10301000778A108F118E8D5FF601868B0C94B30F1B
:10302000F6018689E80FF11D778A508E118E8D5F2B
:10303000D60156968C930C94B30F8D8181FD37CFBA
:10304000EB80FC80FE24EF24FE248A019B014CAD22
:103050005DAD6EAD7FADC6010E947D210C94B30FB6
:1030600059828601095E1F4F20E3A40161E0F60149
:10307000848595850E9428300E94AB1AB5CA498282
:103080008089813009F4D2C08601095E1F4F20E398
:10309000A40161E0F601848595850E9428300E9494
:1030A000AB1A56CAD60111961C911F3F11F00C9411
:1030B0001D0F63E0F701E65BFF4F808191810E9465
:1030C0002446F701838990E0FC017496EE0DFF1D04
:1030D000D701A80FB91F54961C931183128283E065
:1030E0008383ECCC2FEF3FEFD9CA39821A82940147
:1030F00042E061E01C968D919C911D970E94AD323B
:103100008A818AAB8AA986FF0BC0D60154962D917D
:103110003C9155972F5F3F4F55963C932E93549774
:10312000F6019089913009F039CA85FF82C0F60115
:10313000118A3ECA49821A821B82940143E061E0EF
:103140001C968D919C911D970E94AD322A813B81E6
:103150002130F4E03F0708F456CDD60154968D9106
:103160009C915597019655969C938E9354975196A2
:103170003C932E93509730CAF401052D11920A9575
:10318000E9F77982D60150968C91813009F44CC0D0
:10319000940141E361E0F601848595850E94AD329A
:1031A00080E3FE013296D601579601900D928A95E2
:1031B000E1F7CEC9D401E62D1D92EA95E9F77982AF
:1031C000940141E361E0D6011C968D919C911D977D
:1031D0000E94AD3280E3FE013296D60157960190EF
:1031E0000D928A95E1F700CA3AAA840122E0AE0165
:1031F0004E5C5F4F61E0F601848595850E94283022
:103200000E94AB1A29813A81A3CF29828E010E5CDC
:103210001F4F21E0A40161E0F601848595850E949D
:1032200028300E94AB1A6ECF6982B2CF79822CCF40
:1032300080E08F71B4C9432F50E0542F44272C7F76
:103240007A01E22A8B019C014CAD5DAD6EAD7FAD84
:10325000C6010E947D210C94B30F822F90E0982F1D
:103260008827990F990FB4E0EB9E700111240C94FC
:103270004D110CAD1DAD2EAD3FAD801A910AA20AC5
:10328000B30A11E5811615E59106A104B10408F011
:1032900047C12C8130E0220F331F90E0982F882700
:1032A000990F822B932BD60156963C91F601E30F92
:1032B000F11D2F8126952F73278B808F918F3D5F76
:1032C000F601368B0C94B30F11E00C940B10802F89
:1032D0008D7F8093300280910002C81231C181E05D
:1032E0008C0D8F70806180930002B3E82B16B2E0E2
:1032F0003B0609F008F4FEC003E812E081EBE82E7B
:1033000087E0F82E99E0C92E8DB69EB6D8012C9193
:1033100027FDB6C00F5F1F4F30E02115310509F4BE
:1033200012C1F701859194912817390708F00BC154
:10333000A901440F551F440F551F440F551F420F3D
:10334000531FFA01E654FC4FE4918DB79EB7A4E0F9
:10335000EA9F8019910911240FB6F8949EBF0FBE01
:103360008DBF0196FA01E454FC4F6491FA01E354D5
:10337000FC4F45915491FA01460F511DBA01AC0121
:103380009DAE8CAE26969FAF8EAF26976E177F07A9
:1033900009F488C02016310608F46FC0A491A53046
:1033A00028F1A73009F069C02801BFEF4B1A5B0A6A
:1033B000D8016C908201060D111D2016310608F40B
:1033C0005CC0712C812C912CDA016D927D928D92D2
:1033D0009C921397612C712C14964D925D926D9274
:1033E0007C921797485F5F4F3196D0CF5A0184E0A7
:1033F000A80EB11C48019FEF891A990AD8011C91A7
:10340000912F9F77492E512C612C712C012F007622
:10341000003609F440C017FF71C084010F5F1F4FD1
:10342000D80111978C91440C551C661C771C440CD8
:10343000551C661C771C440C551C661C771C440CE0
:10344000551C661C771C440C551C661C771C440CD0
:10345000551C661C771C440C551C661C771C982F49
:103460009F77492A87FDDACFDA014D925D926D92FE
:103470007C921397A501319689CF87E00E947D52F7
:103480002F77B0E82B9F90011124F8018181282B20
:103490000E5F1F4F42CFB0EE4B2A55245A94652C35
:1034A000762CB9CF8CAC9DAC26968EAD9FAD269771
:1034B00040912802442351F0C29EF001C39EF00DBA
:1034C0001124E554FC4FE491E0FF1AC0C29EF001C4
:1034D000C39EF00D1124E154FC4F25913491F90164
:1034E00019950FB6F8949EBE0FBE8DBE021513053A
:1034F00008F40ACFCC24C3940C940E108401B4CFEA
:10350000809129021F928F93EFE9F6E1FF93EF93E9
:103510000E94AE220FB6F8949EBE0FBE8DBEE6CFBF
:10352000D60156968C91F601E80FF11D778A91E04D
:103530000C948F11F1E0F91508F4B8CB0C945112EA
:103540001D2D0C94031085E00E947D52942F252F91
:10355000362F472F45CA8230910589F05CF08330C1
:10356000910529F0049771F48EE10E947D528FE15C
:103570000E947D52019739F480E20E947D528DE1D4
:103580000E947D520895089580912802882329F091
:10359000823011F010922802089582E00E947D523C
:1035A00088E00E947D52CF92DF92EF92FF92FC0161
:1035B00040815181628173812481E2EBF5E1859143
:1035C0009591A591B491481759076A077B0770F543
:1035D0006A017B01C20ED11CE11CF11C8C159D05FA
:1035E000AE05BF0500F5841B90E09A012654384FC4
:1035F0003F932F939F938F937F936F935F934F93FB
:1036000081E996E19F938F930E94AE228DB79EB77A
:103610000A960FB6F8949EBF0FBE8DBFFF90EF9035
:10362000DF90CF900895822F90E0DFCF80E090E090
:10363000DCCFCF92DF92EF92FF920F931F930E9405
:103640006A2C9F938F937F936F9301E010E020E0AB
:1036500030E0C0904102D0904202E0904302F090EE
:1036600044026C157D058E059F0518F000E010E002
:10367000980180913D0290913E02A0913F02B0914D
:103680004002800F911FA21FB31FBF93AF939F9360
:103690008F9383E896E19F938F930E94AE228DB71C
:1036A0009EB70A960FB6F8949EBF0FBE8DBF1F91AE
:1036B0000F91FF90EF90DF90CF9008958EE00E94E1
:1036C0007D52CF93DF93FC0180859185A285B385E0
:1036D00021892223F1F0208D318D2F5F3F4F318FD3
:1036E000208F880F991FAA1FBB1F880F991FAA1F21
:1036F000BB1F4481558166817781840F951FA61F6A
:10370000B71F84839583A683B78381E0DF91CF9130
:103710000895C485D58538812685232351F721E076
:10372000218B1092260220934702880F991FAA1F0F
:10373000BB1F880F991FAA1FBB1F880F991FAA1FA5
:10374000BB1FD7CFCF93DF93FC0180859185A285E6
:10375000B38521892223F1F0258936892F5F3F4FD8
:10376000368B258B880F991FAA1FBB1F880F991FA7
:10377000AA1FBB1F4481558166817781840F951FE5
:10378000A61FB71F84839583A683B78381E0DF914B
:10379000CF910895C485D58538812685232351F797
:1037A00021E0218B1092260220934602880F991F58
:1037B000AA1FBB1F880F991FAA1FBB1F880F991F25
:1037C000AA1FBB1FD7CFCF93DF93FC0182859385C0
:1037D000A485B585218520FF20C0228D338D2F5FE4
:1037E0003F4F338F228F23E02187880F991FAA1F15
:1037F000BB1F880F991FAA1FBB1F4481558166817B
:103800007781840F951FA61FB71F84839583A68396
:10381000B78381E0DF91CF910895C289D389388140
:103820002489232351F721E0218710922602209337
:103830004502880F991FAA1FBB1F880F991FAA1F37
:10384000BB1F880F991FAA1FBB1FD7CF9F92AF9294
:10385000BF92CF92DF92EF92FF920F931F93CF937D
:10386000DF93FC0190806BEC7DE1892D0E94C237D3
:10387000EC01F8940E946A2C9B01AC01EC85FD855B
:1038800090818E85892378948823B9F0A12CB12C5E
:103890006501E12CF12C8701692DCE0146960E942D
:1038A0003246DF91CF911F910F91FF90EF90DF9003
:1038B000CF90BF90AF909F90089584E0A82EB12C38
:1038C000C12CD12CE6CF0F931F93CF93DF938C01A4
:1038D0006BEC7DE1FC0180810E94C237EC0169E95B
:1038E0007AE2F80184810E94C237C25BDF4F99837C
:1038F0008883DF91CF911F910F9108959F92AF928E
:10390000BF92CF92DF92EF92FF920F931F93CF93CC
:10391000DF93FC0190806EE27DE1892D0E94C23729
:10392000EC01F8940E946A2C9B01AC01EC85FD85AA
:1039300090818E85892378948823B9F0A12CB12CAD
:103940006501E12CF12C8701692DCE0143960E947F
:103950003246DF91CF911F910F91FF90EF90DF9052
:10396000CF90BF90AF909F90089584E0A82EB12C87
:10397000C12CD12CE6CF0F931F93CF93DF938C01F3
:103980006EE27DE1FC0180810E94C237EC0169E9B1
:103990007AE2F80184810E94C237C55BDF4F9983C8
:1039A0008883DF91CF911F910F9108959F92AF92DD
:1039B000BF92CF92DF92EF92FF920F931F93CF931C
:1039C000DF93FC0190806EE47EE1892D0E94C23776
:1039D000EC01F8940E946A2C9B01AC01EA89FB89F6
:1039E00090818C89892378948823B9F0A12CB12CFB
:1039F0006501E12CF12C8701692DCE0148960E94CA
:103A00003246DF91CF911F910F91FF90EF90DF90A1
:103A1000CF90BF90AF909F90089584E0A82EB12CD6
:103A2000C12CD12CE6CF0F931F93CF93DF938C0142
:103A30006EE47EE1FC0180810E94C237EC0169E9FD
:103A40007AE2F80184810E94C237C05BDF4F99831C
:103A50008883DF91CF911F910F9108950F931F934A
:103A6000CF93DF938C014DE450E06EE27DE1FC01E9
:103A700080810E949C37EC0182EA9BE19B838A83D0
:103A8000198AF80184810E94B228988B8F8760E0A0
:103A9000F80180850E9401376C877D878E87DF91D2
:103AA000CF911F910F9108950F931F93CF93DF93A1
:103AB0008C016BEC7DE1FC0180810E94C237EC013E
:103AC0000E94374A198AF80184819581A681B781BD
:103AD00088879987AA87BB87892B8A2B8B2BD9F05C
:103AE0001B8A1F8A1E8A198E188E1A8EF8940E94BD
:103AF0006A2C088519852A853B85DC01CB01800F5E
:103B0000911FA21FB31F8C839D83AE83BF83CE0101
:103B10000E94894A7894DF91CF911F910F91089567
:103B20000F931F93CF93DF938C016EE27DE1FC0135
:103B300080810E94C237EC010E94374A198AF8013D
:103B400084819581A681B78188879987AA87BB8759
:103B5000892B8A2B8B2BD1F01C8A1B8A1E8A1D8AEB
:103B60001F8AF8940E946A2C088519852A853B854E
:103B7000DC01CB01800F911FA21FB31F8C839D839B
:103B8000AE83BF83CE010E94894A7894DF91CF91A2
:103B90001F910F9108950F931F93CF93DF938C0183
:103BA00040E550E06BEC7DE1FC0180810E949C3798
:103BB000EC0181E69BE19B838A83198AF801848169
:103BC0000E94B228988B8F87F80190859C8B848502
:103BD0008D8B2EEF280F233078F4981768F460E06F
:103BE000F80180890E9401376C877D878E87DF917D
:103BF000CF911F910F91089580E30E947D520F9302
:103C00001F93CF93DF938C016EE47EE1FC018081F2
:103C10000E94C237EC010E94374A19861E861F8611
:103C2000188A198AF80184819581A681B7818A87CB
:103C30009B87AC87BD87892B8A2B8B2B29F16D89BC
:103C40007E898F8940E00E943A37198E188E1B8E2C
:103C50001A8E1C8EF8940E946A2C0A851B852C856E
:103C60003D85DC01CB01800F911FA21FB31F8C8308
:103C70009D83AE83BF83CE010E94894A7894DF91F1
:103C8000CF911F910F9108956D897E898F8941E0B1
:103C9000DF91CF911F910F910C943A370F931F939F
:103CA000CF93DF93EC0142E550E06EE47EE1888142
:103CB0000E949C378C0183EE9BE1F8019383828301
:103CC0008C819FEF980F9430C8F4F801808761E0F1
:103CD00088850E940137F801628B738B848B60E0CA
:103CE0008C850E94122BF801658B768B878B41E0C7
:103CF000DF91CF911F910F910C943A378FE20E9480
:103D00007D522F923F924F925F926F927F928F924D
:103D10009F92AF92BF92CF92DF92EF92FF920F935A
:103D20001F93CF93DF9300D01F921F92CDB7DEB7C2
:103D30003C016FE67DE4FC0180810E94C2374C01AA
:103D40008BE18B838E010C5F1F4F21E0AE014D5F35
:103D50005F4F61E0F401848595850E9428300E94C0
:103D6000AB1A8C818F7031F0F401858996890196A8
:103D7000968B858B80E78D830E946A2C1B012C011A
:103D80008E010F5F1F4F22E0AE014B5F5F4F61E07E
:103D9000F401848595850E9428300E94AB1A0E9408
:103DA0006A2C29812F71A22EB12CBA2CAA242A8127
:103DB000A22A0B2C000CCC08DD087B018C01E21838
:103DC000F30804091509A2019101F3016081C401FE
:103DD00043960E9432460F900F900F900F900F90D5
:103DE000DF91CF911F910F91FF90EF90DF90CF90D7
:103DF000BF90AF909F908F907F906F905F904F900B
:103E00003F902F9008950F931F93CF93DF93EC0172
:103E1000062F142FFC01E25BFF4F642F80819181FC
:103E20000E9424468A8DFE01E80FF11D138E148E28
:103E3000158E168F8C5F8A8F803328F4DF91CF9197
:103E40001F910F910895602FCE014696DF91CF917B
:103E50001F910F910C9479460F931F93CF93DF938B
:103E6000EC01F8940E946A2C088519852A853B8507
:103E7000DC01CB01800F911FA21FB31F8C839D8398
:103E8000AE83BF83CE010E94894A7894DF91CF919F
:103E90001F910F9108950F931F93CF93DF938C0180
:103EA0006FE67DE4FC0180810E94C237EC010E9434
:103EB000374A1A8AF80184819581A681B7810097D3
:103EC000A105B10529F4DF91CF911F910F910895BC
:103ED00088879987AA87BB871C8A1B8A1E8A1D8AA6
:103EE0001F8A1F861E86198A188ACE01DF91CF91FC
:103EF0001F910F910C942C1FFC01868582FD19C027
:103F0000846086871092260281E080934902448172
:103F100055816681778180859185A285B385840FDF
:103F2000951FA61FB71F84839583A683B78381E05F
:103F3000089581898F5F818BE5CFFC01868580FFA5
:103F400006C0218932892F5F3F4F328B218B81FF41
:103F50000DC0DF01A95BBF4F0D90BC91A02D2C912E
:103F6000DF01A75BBF4F9C91922339F48160868764
:103F70001092260281E08093480244815581668137
:103F8000778180859185A285B385840F951FA61FB3
:103F9000B71F84839583A683B78381E008957F92BA
:103FA0008F929F92AF92BF92CF92DF92EF92FF9249
:103FB0000F931F93CF93DF937C01DC01DC9162E9C7
:103FC00070E28D2F0E94C2378C01F701C481B0844A
:103FD000A184DC011F969C90B2E09B1609F44FC0AF
:103FE0000E946A2C6B017C012B2D3A2D4C2F61E035
:103FF000D8011C968D919C911D970E94AD320E9414
:104000006A2C8B019C010C191D092E093F090132F4
:1040100013402105310558F54C2F50E0E1E09E1684
:1040200059F1AF92BF925F934F93FF92EF92DF925D
:10403000CF921F92DF9383E196E19F938F930E942B
:10404000AE228DB79EB70C960FB6F8949EBF0FBEEA
:104050008DBFDF91CF911F910F91FF90EF90DF9077
:10406000CF90BF90AF909F908F907F90089540E049
:1040700050E0E1E09E12D5CF6B017C01D2CFDC0194
:104080001C96ED91FC911D9794808280738040E096
:10409000682D772D892D0E943A370E946A2C6B017A
:1040A0007C01B0E1CB0ED11CE11CF11C0E946A2CFA
:1040B0002F2DC616D706E806290B27FFF7CFF89451
:1040C00041E0682D772D892D0E943A370E946A2C95
:1040D0006B017C0178942B2D3A2D4C2F61E0F80177
:1040E000848595850E94AD324C2F50E09ACF0F9376
:1040F0001F93CF93DF938C0161EC70E2FC01808110
:104100000E94C237EC0169E97AE2F80184810E94D9
:10411000C237C65BDF4F99838883DF91CF911F91B0
:104120000F910895FF920F931F93CF93DF93EC01AC
:10413000F88485E08F15F8F04AE450E062E970E217
:1041400088810E949C378C018CE79FE1F801938362
:1041500082838C810E94B228F80195878487FC01B4
:10416000858180FF0BC0F801F786DF91CF911F9109
:104170000F91FF90089582E30E947D5281E30E9497
:104180007D520F931F93CF93DF938C014CE450E04B
:1041900061EC70E2FC0180810E949C37EC018DE9AA
:1041A0009FE19B838A8362E272E3F80184810E942B
:1041B000C2379D878C87DF91CF911F910F91089512
:1041C0000F931F93CF93DF938C0162E970E2FC01A0
:1041D00080810E94C237EC010E94374A1E86F80196
:1041E00080859185A285B385892B8A2B8B2B29F419
:1041F000DF91CF911F910F91089584819581A681C0
:10420000B7818C839D83AE83BF8380859185A28592
:10421000B38588879987AA87BB871B8A1A8A1D8AD4
:104220001C8A1E8A8485888BCE01DF91CF911F91D5
:104230000F910C94894A0F931F93CF93DF938C01B6
:1042400061EC70E2FC0180810E94C237EC010E94A7
:10425000374A8E858E7F8E87F80184819581A6816D
:10426000B7810097A105B105F1F088879987AA87E2
:10427000BB87188A1F861A8A198A1B8AF8940E949B
:104280006A2C088519852A853B85DC01CB01800FC6
:10429000911FA21FB31F8C839D83AE83BF83CE016A
:1042A0000E94894A7894DF91CF911F910F910895D0
:1042B000EF92FF920F931F93CF93DF93EC010E9435
:1042C000C12061EC70E288810E94C2378C017C01C0
:1042D00087E4E80EF11C61E088850E940137F70150
:1042E00060837183828382E0F8018687DF91CF91BA
:1042F0001F910F91FF90EF900895EF92FF920F930F
:104300001F93FC01041B150B260B370B8089882398
:10431000C1F09FEF980F41E050E002C0440F551FDD
:104320009A95E2F7052E000C660B770B040F151F0C
:10433000261F371F04C036952795179507958A9530
:10434000D2F78689DF01A80FB11D0F3F11052105A6
:10435000310578F457960C9357975896EC925897E6
:104360005996FC928D5F868B1F910F91FF90EF9075
:1043700008959FEF57969C93579791E058969C937A
:10438000589759961C928D5F868B1F910F91FF90C5
:10439000EF900895EF92FF920F931F93CF93DF93C7
:1043A00000D0CDB7DEB77B01FC018485958528E17F
:1043B0002B838E010F5F1F4F22E0AE014D5F5F4FD9
:1043C00061E00E94283029813A8132272327322751
:1043D000F701318320830F900F900F90DF91CF91E1
:1043E0001F910F91FF90EF9008952F923F924F925F
:1043F0005F926F927F928F929F92AF92BF92CF9275
:10440000DF92EF92FF920F931F93CF93DF931F9250
:104410001F92CDB7DEB73C0161EC70E2FC018081F8
:104420000E94C2374C01FC01868581FF36C0F8949A
:104430000E946A2C9B01AC01F401E95BFF4F0190E3
:10444000F081E02D9081F401E75BFF4F80818923AB
:104450007894882309F43FC0A12CB12C6501E12C8C
:10446000F12C8701F3016081C4010F960E9432464E
:104470000F900F90DF91CF911F910F91FF90EF90D0
:10448000DF90CF90BF90AF909F908F907F906F9074
:104490005F904F903F902F9008950E946A2C1B01CF
:1044A0002C01BE016F5F7F4FC4010E94CA218C01A5
:1044B0000E946A2C012BE1F6298123FD12C0A12C58
:1044C000B12C65017B018C01E218F3080409150980
:1044D000A2019101C7CF64E0A62EB12CC12CD12C32
:1044E000BECF24E0A22EB12CC12CD12CEBCF2FB704
:1044F000F89480914F0290915002009749F0FC018E
:10450000408151815093500240934F022FBF089534
:104510008FE00E947D52CF93DF93C0915602D091DD
:104520005702AE01480F591F2DB73EB721503F4FDC
:1045300022273A952417350770F05093570240937D
:104540005602AC0160E070E0CE010E941A54CE0128
:10455000DF91CF91089581E10E947D523F924F9269
:104560005F926F927F928F929F92AF92BF92CF9203
:10457000DF92EF92FF920F931F93CF93DF9300D0C0
:1045800000D0CDB7DEB780914A028823C1F02696CD
:104590000FB6F894DEBF0FBECDBFDF91CF911F9154
:1045A0000F91FF90EF90DF90CF90BF90AF909F90D2
:1045B0008F907F906F905F904F903F90089581E033
:1045C00080934A025E012DE1A20EB11C8091A303EB
:1045D0003090A2038315E8F4032D10E0EB8CFC8CE3
:1045E00032E0E30EF11CF70194919801290F311D7F
:1045F000213631057CF1EB8DFC8D3396E491081B5F
:1046000011090E0F111D0136110560F010924A02BA
:10461000BECF1092A2031092A30300E010E0312C51
:1046200080E0DCCF1092A2036091A303361A032D21
:1046300010E070E06E5B7C4FA80182E493E00E9482
:1046400008541092A3033092A2038091C1008062AB
:104650008093C1000E5B1C4FF701A491A63008F4B3
:104660004BC198012E5F3F4F80E6E82EE318AE1550
:1046700008F434C1F12CF5E0EF1AF108E20EF31E54
:10468000EB8DFC8D34964491EB8DFC8D35968590A9
:1046900094906401EB8DFC8D859194918038910507
:1046A00008F00EC1B9016F5F7F4F7E836D838F77F6
:1046B000D9018C93840E911CC814D90409F44AC101
:1046C0008D819E810296E816F90608F49FCFF601C7
:1046D0008491853039F008F469C0883080F186E033
:1046E0000E947D5295012E5F3F4FF501A081B1815F
:1046F0008D819E8101966C91662391F0E816F906F2
:1047000078F0FD01319603C0E816F90648F00196ED
:10471000AC0141505109DA016C9361916111F4CF00
:10472000AC016D817E81461B570B4150DB014C93E0
:104730009E838D8359013FEFC31AD30ABDCFF50184
:104740000190F081E02DFA83E983AF01FF0F660B42
:10475000770B9701AD81BE812A1B3B0B2901330FDB
:1047600066087708441555056605770508F04ECFAD
:104770002D01BFEF4B1A5B0AAD81BE814C93350111
:10478000B4E06B0E711CF5016281738149815A811D
:10479000863009F4A5C0C2010E94FF5329813A81E5
:1047A000240D351D3E832D835301C5CFD5018230A5
:1047B00008F49AC04D915C91833009F4C3C060E065
:1047C00070E0F50132965F012A013B01F0E24F0EE5
:1047D000511C611C711C20E84216510461047104D3
:1047E00008F4ADC02A013B0130E1530E611C711C7D
:1047F000411480E458066104710408F448C02A0199
:104800003B0198E0690E711C41145104A0E26A0654
:10481000710460F12A013B01BCEF7B1A4114510481
:104820006104E0E17E0688F02A013B01ECE1769428
:10483000679457944794EA95D1F7842D8068AD81A9
:10484000BE818C931196BE83AD832A013B0135E175
:1048500076946794579447943A95D1F7842D80685D
:10486000AD81BE818C931196BE83AD832A013B013D
:104870002EE076946794579447942A95D1F7842D27
:104880008068AD81BE818C931196BE83AD83ED812E
:10489000FE8131962A013B0197E076946794579404
:1048A00047949A95D1F7842D8068AD81BE818C9311
:1048B0009F012F5F3F4F3E832D834F7740833BCF38
:1048C00098012D5F3F4FBC01660F672F661F770B66
:1048D00071956068D80112966C93E4CEEA2ECACE28
:1048E000C2010E94E9535ACF4D915D916D917C9127
:1048F000F50134965F0168CFEA2EEE2009F486CEEA
:10490000D801EC928091000211968C936DEF6E0DA0
:10491000C8010E94802C0E0D111DF8013397908361
:104920003196808331968EE78083A32DAE0DA093C0
:10493000A2038091C10080628093C10067CEED81A7
:10494000FE81B6CF052E000C660B770BF501329673
:104950005F013ACF6D817E81E616F70608F456CEE8
:10496000DB01A01BB10B83E0E82EEA0EC6CFCF938C
:10497000DF93FC0184819581A681B78144895589A3
:1049800066897789C58DD68D3881C42FC170278DF2
:10499000232331E009F430E0C31761F04F5F5F4F2C
:1049A0006F4F7F4F448B558B668B778B808F918FAA
:1049B000A28FB38F4089518962897389272F481745
:1049C00059076A072B0B27FF18C0248D2160248FFD
:1049D0004485558566857785840F951FA61FB71F6B
:1049E000808B918BA28BB38B1092260281E08093F7
:1049F0004B0284819581A681B7814085518562856E
:104A00007385840F951FA61FB71F84839583A68384
:104A1000B78381E0DF91CF9108950F931F93CF93D8
:104A2000DF938C016FE375E2FC0180810E94C23745
:104A3000EC010E94374AF80184819581A681B781F3
:104A40008C839D83AE83BF8340855185628573854A
:104A5000488759876A877B8744855585668577852A
:104A60004C875D876E877F87888B998BAA8BBB8BE2
:104A7000CE01DF91CF911F910F910C94894A0F9332
:104A80001F93CF93DF93EC0140E250E06FE375E2B8
:104A900088810E949C378C0168858C810E94013737
:104AA000F801658F768F878F87EB94E293838283FB
:104AB000DF91CF911F910F9108954F925F926F9266
:104AC0007F92BF92CF92DF92EF92FF920F931F934C
:104AD000CF93DF93FC01B08062E376E28B2D0E94DE
:104AE000C237EC014D805E806F807884C984DA849F
:104AF000EB84FC840E946A2CDC01CB0184199509AB
:104B0000A609B7098C159D05AE05BF0568F40E947E
:104B10006A2CDC01CB0184199509A609B7098C150B
:104B20009D05AE05BF0598F3CD84DE84688179814B
:104B30008A81A0918400B09185000B811C819E0127
:104B4000215F3F4F7901C20ED31ECE14DF0409F45A
:104B500057C0F70191917F0128E013C0F89440916C
:104B6000840050918500FB01808380837894FA0152
:104B7000EA1BFB0BE017F107D8F4990FDA0121507B
:104B800021F397FFEBCFF89440918400509185007A
:104B9000FB0180837894FA01EA1BFB0BE017F10715
:104BA00038F4990FF894FB0180837894DA01E7CF09
:104BB00040E00E943A370E946A2C6D837E838F8387
:104BC000988780E01F928F931F92BF9288E296E1B0
:104BD0009F938F930E94AE220F900F900F900F9093
:104BE0000F900F90DF91CF911F910F91FF90EF9059
:104BF000DF90CF90BF907F906F905F904F9008951F
:104C00000E946A2C6D837E838F83988781E0DACF40
:104C10000F931F93CF93DF93EC0162E376E28881D9
:104C20000E94C2370C811D812E813F8148856C8591
:104C30007D8517FD14C050E0DA01A00FB11FEC0113
:104C4000ED85FE85EA17FB0750F0015F1F4F800FCF
:104C5000911FDF91CF911F910F910C94FF5387E229
:104C60000E947D526F927F928F92CF92DF92EF924D
:104C7000FF92CF93DF93EC0160E08C810E94122BB6
:104C80003B01882EC884D984EA84FB84D7FC24C0E5
:104C9000A601415F5F4F62E376E288810E949C3704
:104CA000FC01608271828282D686C5868C859D8554
:104CB0009483838388899989AA89BB89818792870C
:104CC000A387B487DF91CF91FF90EF90DF90CF90D3
:104CD0008F907F906F90089588E20E947D52CF93CD
:104CE000DF93DC011C96ED91FC911D971E969C9123
:104CF0001E971F96CD91DC91509751962C9188E08C
:104D000005C09083660F9083815049F067FFF9CF0B
:104D1000288360959083660F90838150B9F7DF9167
:104D2000CF9108950F931F93CF93DF93EC0161EB25
:104D300076E288810E94C2378C0168EF0E946F265C
:104D40006C81611105C0DF91CF911F910F91089582
:104D500048855985C801DF91CF911F910F910C941F
:104D6000AF4CCF92DF92EF92FF920F931F93CF93AE
:104D7000DF938C0142E150E061EB76E2FC0180813F
:104D80000E949C37EC0160E0F80180850E94122BA4
:104D90006C877D878E8760E0F80184850E94122BE6
:104DA0006F87788B898B61E0F80184810E94122BD8
:104DB00068EFCE010E946F2660E2CE010E946F264E
:104DC000F8940E946A2C6B017C0160E0CE010E9485
:104DD0006F260E946A2C7894688379838A839B83E8
:104DE000DC01CB018C199D09AE09BF09F801C0880F
:104DF000D188E288F3888C159D05AE05BF0540F487
:104E0000C81AD90AEA0AFB0ACC82DD82EE82FF8246
:104E1000F801048915892689378980179107A20727
:104E2000B30740F4081B190B2A0B3B0B08871987A3
:104E30002A873B87DF91CF911F910F91FF90EF90D1
:104E4000DF90CF9008950F931F93CF93DF938C0142
:104E500064E178E2FC0180810E94C237EC0169E9DB
:104E60007AE2F80184810E94C237CF5ADF4F9983DA
:104E70008883DF91CF911F910F910895FF920F9337
:104E80001F93CF93DF938C0146E050E06EE377E20F
:104E9000FC0180810E949C37EC01F801F08461E004
:104EA000F11060E0F80184810E94122B6A837B83F9
:104EB0008C838D81F11009C091E0892B8D83DF9166
:104EC000CF911F910F91FF90089599E0892B8D83C9
:104ED000DF91CF911F910F91FF90089546E050E030
:104EE0006EE377E2FC0180810C949C378F929F9255
:104EF000AF92BF92FF920F931F93CF93DF93EC017A
:104F00006EE377E288810E94C2378C01F88483E0E7
:104F10008F1508F484C0F8018581867009F07FC080
:104F20008C849D84AE84BF848C819D81AE81BF8141
:104F3000892B8A2B8B2B09F074C0EFEAF6E1A5913F
:104F4000B49111968C9180FD04C060E088E00E94CD
:104F5000122B60E089E00E94122B60E08AE00E9440
:104F6000122B60E08BE00E94013780E58CBD1DBCF8
:104F70008114F2E19F06FAE7AF06B10408F041C0E0
:104F8000811489E098068DE3A806B10418F5E0E8DD
:104F90008E16E4E89E06EEE1AE06B104C0F5F0E43C
:104FA0008F16F2E49F06FFE0AF06B10468F580E2D9
:104FB000881681EA980687E0A806B10458F590E0C3
:104FC000E0E98E16E0ED9E06E3E0AE06B10428F5BA
:104FD00083E002C090E080E0CF2DCC0FCC0FC06505
:104FE000C82BF801C0839183858184608583DF911C
:104FF000CF911F910F91FF90BF90AF909F908F9096
:10500000089591E080E0E8CF90E081E0E5CF91E085
:1050100081E0E2CF91E082E0DFCF82E0DDCF0E944D
:10502000AA3288E30E947D52CF93DC0114969C91B2
:10503000149720E030E0C22FF901EA54FA4EE491CF
:105040009E1741F02F5F3F4F20313105A1F787E3D5
:105050000E947D5287E980937A002830E8F42091FD
:105060007E0081E090E00C2E01C0880F0A94EAF7E0
:10507000822B80937E0043E550E064E178E28C91DE
:105080000E949C37FC018AEB96E493838283C28F53
:1050900081E0858FCF91089520917D003C2F37705E
:1050A00081E090E001C0880F3A95EAF7822B809367
:1050B0007D00E1CF0F931F93CF93DF938C0164E1C9
:1050C00078E2FC0180810E94C237EC010E94374ADD
:1050D000909101028A8D981303C08FEF8093010293
:1050E000F80184819581A681B781888B998BAA8BE1
:1050F000BB8B8C839D83AE83BF8380859185A28586
:10510000B3858C879D87AE87BF8784858E8F91E01E
:10511000980F9D8F40895189628973894887598783
:105120006A877B8794899F8F18A2208D318D3F8B52
:105130002E8B248D358D398F288F20A12C8F88239D
:1051400049F0913360F4CE01DF91CF911F910F911F
:105150000C94894ADF91CF911F910F9108958AE1B4
:105160000E947D526EE377E20C94C237CF93DF93B7
:10517000EC016A8D662309F453C0FC0150E031E074
:1051800020E0A38DB48D4C91958D942309F0532B81
:105190002F5F330F33962613F4CF2C85922F95274C
:1051A00029F08D85852780959823D9F4888D5D8792
:1051B00087FD03C0815070F1888F4C815D816E81C5
:1051C0007F8188859985AA85BB85840F951FA61F39
:1051D000B71F8C839D83AE83BF8381E0DF91CF9126
:1051E0000895982F909529238523822B8C879E855F
:1051F0009830E0F621E0290F2E87FE01E90FF11D1E
:1052000087871092260281E080934C028FEF888F6F
:105210005D87D3CF1092260291E090934C02CCCFC1
:1052200050E0BBCF0F931F93CF93DF938C016EE3BE
:1052300079E2DC018C910E94C237FC01D8011496FE
:105240009C91828D9817B8F4292F30E0E901CC0F9A
:10525000DD1F2C0F3D1FEF01C20FD31FF801648526
:1052600080850E9401376B8F7C8F8D8FDF91CF916E
:105270001F910F91089584E20E947D52CF93FC010B
:10528000C481C930B8F44C2F50E09A01220F331F6B
:10529000420F531F455E5F4F6EE379E2FC01808150
:1052A0000E949C37FC01C28F26EB38E233832283B5
:1052B000CF91089585E20E947D52FC014481558181
:1052C00066817781208580810C943E38EF92FF9231
:1052D0000F931F93CF93DF937C0160EE79E2DC01A3
:1052E0008C910E94C2378C010E947722EC01F70159
:1052F00084819581A681B7818A839B83AC83BD839A
:10530000808591859F838E83F89419821882D801B5
:1053100051968D919C915297892BB9F15396ED91AD
:10532000FC915497D183C0835496DC93CE935397CA
:1053300080E090E07894892B39F4DF91CF911F9130
:105340000F91FF90EF900895C8010E94374AD8014D
:1053500012968D919C91139785529043F1F08A811A
:105360009B81AC81BD8120EA3FE2F8013383228337
:1053700084839583A683B783C801DF91CF911F9162
:105380000F91FF90EF900C94894AF801D48BC38B56
:10539000D28BC18B81E090E0CDCF8A819B81AC81A3
:1053A000BD81F8014481558166817781272F481797
:1053B00059076A072B0B27FFD6CF81E20E947D5247
:1053C000CF92DF92EF92CF93DF93EC01488559851E
:1053D0006A857B852C858C810E943E386B01E82E86
:1053E00045E150E060EE79E288810E949C37FC0143
:1053F000C086D186E28688899989908B87878C8937
:105400009D89AE89BF8983879487A587B68780EAFF
:105410009FE29383828368E070E0CF014196DF9141
:10542000CF91EF90DF90CF900C942438B0990FC0BB
:1054300080914D0290914E020196109207021092B7
:105440000602909309028093080281E0089581E0AA
:1054500086BB80914D0290914E02019690934E0230
:1054600080934D0220E030E830930702209306023B
:10547000909309028093080281E00895CF93FC0184
:10548000C08169E97AE28C2F0E94C237FC01838DCA
:105490008F93828D8F93818D8F93808D8F9383894E
:1054A00082FB882780F91F928F931F92CF938EEFF4
:1054B00095E19F938F930E94AE228DB79EB70A9677
:1054C0000FB6F8949EBF0FBE8DBFCF910895CF93B6
:1054D000DF93EC0169E97AE288810E94C2372C816E
:1054E000FC01228B488559856A857B8542875387D5
:1054F00064877587DF91CF910895CF93DF93EC0197
:1055000069E97AE288810E94C2374C815D816E81AF
:105510007F81FC0140835183628373834885598571
:105520006A857B854483558366837783DF91CF913A
:1055300008950F931F93CF93DF93EC014AE250E05D
:1055400069E97AE288810E949C378C0160ED71E400
:105550008C810E94C237F80191878087DF91CF91BB
:105560001F910F910895EF92FF920F931F93CF9386
:10557000DF938C0169E97AE2FC0180810E94C237E5
:10558000EC017C01FEE1EF0EF11CC7010E94374ADD
:10559000F80184899589A689B7898EA39FA3A8A7B6
:1055A000B9A7892B8A2B8B2B51F41B8A1F8A1E8A41
:1055B000DF91CF911F910F91FF90EF90089566E7D3
:1055C00077E4F80184810E94C2379F8B8E8BF801AB
:1055D00080858C8B84858D8B80899189A289B38904
:1055E000888F998FAA8FBB8F8AA39BA3ACA3BDA3DF
:1055F000808D8C8F1D8E8EE191E499A388A386E027
:105600008B8B80E090E0A0E0B0E88E879F87A88B2E
:10561000B98BC701DF91CF911F910F91FF90EF9050
:105620000C94894A803680F5E82FE695E695E69554
:10563000F0E0EE0FFF1FE355F94EA591B4911097DE
:1056400019F1877021E030E0A90102C0440F551F15
:105650008A95E2F7CA014FB7F89411962C911197E9
:10566000282B12963C91129761110CC0582F50951F
:10567000352312963C93129711962C9311974FBF96
:10568000BD010895382BF5CF86E30E947D521F920D
:105690000F920FB60F9211240BB60F92EF92FF925A
:1056A0000F931F932F933F934F935F936F937F932A
:1056B0008F939F93AF93BF93CF93DF93EF93FF931A
:1056C0000DC07A0180918400909185008E199F0908
:1056D00097FD7CC07894B2999AC0F894C091220248
:1056E000D0912302EA81FB81309709F0ACC0EA8DAA
:1056F000FB8D2C8D20838E859F85019709F4D2C068
:105700009F878E8788859985AA85BB854C815D8119
:105710006E817F81480F591F6A1F7B1F4C835D83F9
:105720006E837F8320832CA526FF0EC00C851D85EC
:10573000012E000C220B330B800F911FA21FB31FF1
:1057400088879987AA87BB87E881F98104811581B9
:1057500026813781872F401751076207830B87FD0A
:10576000B0CF7801F0932302E0932202A0912402AB
:10577000B091250214960D911D912D913C91179792
:10578000872F401751076207830B87FFFD01DF0159
:105790000190F081E02D0481158126813781872FCA
:1057A000401751076207830B87FFF1CFF983E88326
:1057B000CD93DC93D0932502C09324028091840082
:1057C000909185008E199F0997FF84CF863A9F4F4D
:1057D0000CF07BC0F0928900E0928800FF91EF917D
:1057E000DF91CF91BF91AF919F918F917F916F91F9
:1057F0005F914F913F912F911F910F91FF90EF90EB
:105800000F900BBE0F900FBE0F901F901895F8943D
:1058100080918400909185009701281B390B2038D6
:10582000314C0CF44BC02091270227FD29C09C016C
:105830002854344F30938B0020938A0024E026BBF9
:105840007C01F394C7CFCE0119954C815D816E81A7
:105850007F81811179CFE881F981E480F580F0932F
:105860002302E09322028091240290912502C8171E
:10587000D90709F027CFF0932502E093240222CF25
:1058800020912602209327029C012854344F309304
:105890008B0020938A0024E026BB9093890080939C
:1058A000880010CFCE010E94603EEA8DFB8D9C8D5A
:1058B00090834C815D816E817F81CBCF20912802C6
:1058C0002111B1CF84E30E947D527894B2999FCF89
:1058D000F894F8CE2FB7F894609184007091850009
:1058E00080914D0290914E02B09902C02FBF089551
:1058F0002FBF7F3FE1F30196089578940E94915065
:105900002FEF260F6623C1F0FC018FEF9FEF31913F
:105910008327082E8295807F8025092E982F8295D7
:105920008F700826869598278927880F880F880FFB
:105930008025215060F708958FEF9FEF08950F9312
:105940001F93FC01A489B58986898C9393A181E07A
:10595000892783A3448155816681778180FF12C0A6
:105960000085118522853385400F511F621F731FEB
:1059700082FD12C0448355836683778381E01F9143
:105980000F9108950485158526853785400F511F91
:10599000621F731F82FFEECF00891189228933892C
:1059A000872F401751076207830B87FDE3CF83E002
:1059B0009DE293838283B901A80144835583668362
:1059C000778381E01F910F9108950895FC018081F4
:1059D000A481B58140855185628573859FB7F89410
:1059E000813061F0823019F04C939FBF08954D9340
:1059F0005D936D937C9313979FBF089511965C936D
:105A00004E939FBF08958F929F92AF92BF92CF9275
:105A1000DF92EF92FF921F93CF93DF93EC01EF8C15
:105A2000F8A0E114F10409F4F0C0F701808191813C
:105A300098A38F8F86809780A084B18411E0811411
:105A40009104A104B10409F4A1C06C897D898E89F7
:105A5000412F0E943A3780914F0290915002F701F6
:105A600091838083F0925002E0924F02811491045E
:105A7000A104B104E9F08B8D9C8DAD8DBE8D88168F
:105A80009906AA06BB06A0F44F89588D698D7A8DB8
:105A9000411551056105710509F45BC08C819D813B
:105AA000AE81BF81480F591F6A1F7B1F166022C03D
:105AB0008BA131E081149104A104B10409F068C004
:105AC00084FB992790F921E09227391709F443C004
:105AD0004F89588D698D7A8D411551056105710584
:105AE000D1F18C819D81AE81BF81480F591F6A1F02
:105AF0007B1F1460EF8DF8A1309709F077C02BA1C0
:105B0000488B598B6A8B7B8B2071212B2BA311FF28
:105B10005FC0880D991DAA1DBB1D12FD52C02FE943
:105B20003CE23B832A838C839D83AE83BF8388863C
:105B30009986AA86BB868B8D9C8DAD8DBE8D88196E
:105B40009909AA09BB098C879D87AE87BF8781E029
:105B500011C012608BA1EF8DF8A13097D9F4188A8B
:105B6000198A1A8A1B8A8071812B8BA3812F8270DC
:105B700011FD34C0DF91CF911F91FF90EF90DF9026
:105B8000CF90BF90AF909F908F90089510E05DCF21
:105B900030E096CF4281538164817581488B598B67
:105BA0006A8B7B8B8071912F9460892B8BA311FF63
:105BB0000FC08C819D81AE81BF81880D991DAA1D6A
:105BC000BB1D2B2F84179507A607270B27FDA7CFF3
:105BD0004C835D836E837F8381E0CCCF40E050E0D7
:105BE000BA018C819D81AE81BF8193CFC280D38069
:105BF000E480F580872F4C155D056E058F0987FDC4
:105C000007C08BA1B701A601C9CF85E10E947D52D3
:105C100083E10E947D52FC0185818F9384818F9363
:105C200080811F928F938EE696E19F938F930E94BF
:105C3000AE220F900F900F900F900F900F9008953D
:105C4000DC012C911496ED91FC9115973FB7F894D7
:105C50002130E9F02230B1F0808190E0A0E0B0E0A6
:105C60003FBFBF93AF939F938F9387E696E19F9338
:105C70008F930E94AE220F900F900F900F900F9075
:105C80000F90089580819181A281B381E9CF8081B5
:105C90009181A0E0B0E0E4CF8F929F92AF92BF924B
:105CA000FF920F931F93CF93DF938C016DED7EE2F4
:105CB000FC0180810E94C237EC010E94374A8F8D1F
:105CC00098A1892B09F058C0F80104811BA1FF2479
:105CD000F394002339F16C897D898E894F2D0E94C0
:105CE0003A3721E001111CC014FB882780F991E0AC
:105CF0008927281741F08F89988DA98DBA8D892B16
:105D00008A2B8B2B89F410711F291BA3DF91CF9154
:105D10001F910F91FF90BF90AF909F908F9008952B
:105D200020E0E2CFF12CD7CF0E946A2C8F88988C8C
:105D3000A98CBA8CDC01CB01880D991DAA1DBB1D55
:105D4000888B998BAA8BBB8B8C839D83AE83BF83FF
:105D500083E09DE29B838A83107114601F291BA33B
:105D6000CE01DF91CF911F910F91FF90BF90AF9027
:105D70009F908F900C94894A82E10E947D52CF932C
:105D8000DF93EC016DED7EE288810E94C237F894CA
:105D9000FC01278D30A1232B69F44C815D816E813C
:105DA0007F81FC01438F548F658F768F7894DF91CC
:105DB000CF91089584E10E947D52CF92DF92EF92BD
:105DC000CF93DF93EC0161E088859985AA85BB8537
:105DD000892B8A2B8B2B09F460E08C810E94122B7B
:105DE0006B01E82E44E250E06DED7EE288810E9476
:105DF0009C37FC01C48AD58AE68A21E0488559850A
:105E00006A857B85452B462B472B09F420E04C8582
:105E10005D856E857F85452B462B472BB1F430E0A1
:105E2000232BFC0123A3488959896A897B89478BE5
:105E3000508F618F728F6AE070E04F96DF91CF9143
:105E4000EF90DF90CF900C94243830E1E9CFCF92DF
:105E5000DF92EF92FF920F931F93CF93DF938C010A
:105E60006DED7EE2DC018C910E94C237EC010E9454
:105E70007722FC01D8011496CD90DD90ED90FC9036
:105E80001797C282D382E482F58218964D915D9174
:105E90006D917C911B974683578360877187F89437
:105EA000118210828F8D98A1892B81F0A9A1BAA1AE
:105EB000ED93FC93FAA3E9A37894DF91CF911F911E
:105EC0000F91FF90EF90DF90CF900895FAA3E9A390
:105ED000F8A3EF8F8BA182FD25C0C88AD98AEA8AF0
:105EE000FB8A982F94609BA381FD10C0CE010E9475
:105EF000374ACC82DD82EE82FF8283E09DE29B8383
:105F00008A83CE010E94894A7894D7CF4C815D81E3
:105F10006E817F81872F4C155D056E058F0987FF88
:105F2000E5CFF2CF488959896A897B89972F4C152B
:105F30005D056E059F0997FFD0CF83E10E947D52DA
:105F40000F931F93CF93DF93FC01A189B2898D91A9
:105F50009C911197928B818B16968D919C9117979E
:105F6000C085D185228521113FC02FB7F894AC019F
:105F70005527598348832FBF20914F0230915002FB
:105F800011963C932E93B0935002A0934F02A18997
:105F9000B289109759F5278530898217930741F008
:105FA00083859485A585B6850097A105B10531F453
:105FB00080E0DF91CF911F910F9108954481558129
:105FC00066817781840F951FA61FB71F84839583F1
:105FD000A683B78385E290E39383828381E0DF9198
:105FE000CF911F910F9108958883C6CF12964D913E
:105FF0005D916D917C911597278530898217930764
:1060000041F083859485A585B6850097A105B105E6
:1060100051F4448355836683778381E0DF91CF9188
:106020001F910F9108950481158126813781800F7A
:10603000911FA21FB31F2B2F84179507A607270BAD
:1060400027FFE7CF81E20E947D5282E20E947D52CB
:106050004F925F926F927F928F929F92AF92BF9278
:10606000CF92DF92EF92FF920F931F93CF93DF9324
:10607000462E542E652E722E7801FC01228120FDC1
:106080007DC0FC01C0800E946A2C4B015C01F0E8DD
:106090008F0EF8E39F1EF1E0AF1EB11CC501B401E5
:1060A0000E94D436C092BB0084E88093BC00C50136
:1060B000B4010E94B8360FEF040D4420A9F0C52D9D
:1060C000D62D10E00F5F1F4F0C0F1D1F94E8D92E27
:1060D00089918093BB00D092BC00C501B4010E949D
:1060E000B8360C171D07A1F7C501B4010E94D436BC
:1060F0008C2D81608093BB0084E88093BC00C50137
:10610000B4010E94B836DFEFD70D772009F187017F
:10611000CD2F84ECD82ECC2369F0D092BC00C501E1
:10612000B4010E94B8368091BB00F80181938F01C1
:10613000C15099F7C7018D0F911DEC0184E8809340
:10614000BC00C501B4010E94B8368091BB008883B1
:1061500084E98093BC0080E090E0DF91CF911F91B3
:106160000F91FF90EF90DF90CF90BF90AF909F90F6
:106170008F907F906F905F904F900895C081D181F4
:106180006623E9F06C85CE010E9468366C01892B8C
:1061900009F5052D162D4A94A42CB12CFFEFAF1A4A
:1061A000BF0AA00EB11EF80161918F01CE010E94BD
:1061B000F9356C01892B71F4A016B106A1F76C8535
:1061C0006160CE010E9468366C01892B41F024E0A9
:1061D000C22ED12CCE010E94D635C601BECF8FEF84
:1061E000870D7720B9F35701A80EB11C69857A8510
:1061F0008B8541E00E94EB3608E010E06D857E85DE
:106200008F8598890E94BC356E817F81888541E0A9
:106210000E94EB366D857E858F8598890E94BC35FE
:10622000110FE985FA8590818B85892391E009F426
:1062300090E0192B688179818A8140E00E9449377A
:106240000150E1F6EA14FB04D9F46D857E858F8553
:1062500098890E94BC356E817F81888541E00E94CB
:10626000EB366D857E858F8598890E94BC35688167
:1062700079818A8140E00E944937F7011083AACFD3
:106280006B817C818D8140E00E9449376D857E85E0
:106290008F8598890E94BC356E817F81888541E019
:1062A0000E94EB366D857E858F8598890E94BC356E
:1062B000688179818A8140E00E944937F701119312
:1062C0007F0194CF2F923F924F925F926F927F9275
:1062D0008F929F92AF92BF92CF92DF92EF92FF92F6
:1062E0000F931F93CF93DF93CDB7DEB78C018DB69D
:1062F0009EB6FC01608062E272E3862D0E94C23786
:10630000F801F480C084D18474842DB73EB7271976
:1063100031090FB6F8943EBF0FBE2DBFEDB7FEB7E3
:1063200031965F0171107FC0FC01228120FD5FC0AA
:10633000FC0110810E946A2C1B012C01F0E82F0E39
:10634000F8E33F1EF1E04F1E511CC201B1010E9453
:10635000D4361093BB0084E88093BC00C201B10125
:106360000E94B836FF2079F014E8F60181916F01A0
:106370008093BB001093BC00C201B1010E94B836EB
:10638000FA94F110F2CF84E98093BC00E12CF12C57
:10639000BF92AF921F927F92FF92EF921F926F92E5
:1063A0008DE396E19F938F930E94AE222DB73EB767
:1063B000265F3F4F0FB6F8943EBF0FBE2DBF0FB6FE
:1063C000F8949EBE0FBE8DBEDF91CF911F910F91AD
:1063D000FF90EF90DF90CF90BF90AF909F908F9005
:1063E0007F906F905F904F903F902F900895008125
:1063F0001181F8016485C8010E9468360097E1F4B4
:1064000096012F0D311D790108C0F60161916F01D0
:10641000C8010E94F935009779F4EC14FD04A9F73E
:10642000E12CF12C0BC08F01272DA6016F2D0E94AE
:1064300028307C01FF24ACCF7C01FF24C8010E94DE
:10644000D635A6CF43E050E062E272E3FC018081E2
:106450000C949C378F929F92AF92BF92FF920F93B2
:106460001F93CF93DF938C01FC0184858F77F82EE7
:1064700062E272E380810E94C237EC01F8018481FC
:106480009581A681B781892B8A2B8B2BB1F58091C1
:10649000BC0082FF10C08F2D880F88838A818260A4
:1064A0008A83DF91CF911F910F91FF90BF90AF90A2
:1064B0009F908F900895F80180849184A284B38482
:1064C00061E089E10E94122B61E088E10E94122BB9
:1064D0001092B900F0E88F16FAE19F06F6E0AF06D9
:1064E000B10438F488E48093B80084E08093BC0061
:1064F000D2CF8CE08093B800F8CF8BE30E947D521E
:10650000CF92DF92FF920F931F93CF93DF93EC0113
:106510006EE377E28C810E94C2376C01F8840F2D04
:1065200010E0A8014D5F5F4F60E872E388810E9430
:106530009C37FC01D182C082F2826C857D85A801E6
:106540000396DF91CF911F910F91FF90DF90CF9035
:106550000C94FF538CE10E947D522F923F924F92F8
:106560005F926F927F928F929F92AF92BF92CF92E3
:10657000DF92EF92FF920F931F93CF93DF9300D0A0
:1065800000D0CDB7DEB79B838A83C62E142F790146
:10659000DC011596BC91B9838B2F867009F490C0ED
:1065A000B1FD49C0AA81BB819C9111968C919CBD83
:1065B0008DBDB981B170BC83E981E0FD6CC1CC2097
:1065C00009F45BC18FEF810F112351F0F701908126
:1065D0009EBD0DB407FEFDCF9EB591938150B8F7D7
:1065E0002C81222309F46CC0098106950695069535
:1065F000402F40954170AA81BB8112966D917D918B
:106600008C9126960FB6F894DEBF0FBECDBFDF91FA
:10661000CF911F910F91FF90EF90DF90CF90BF909F
:10662000AF909F908F907F906F905F904F903F9032
:106630002F900C943A37EA81FB810190F081E02D94
:10664000FE83ED83458542706681778180850E9457
:106650003A370E946A2CAD81BE8119968D909D902B
:10666000AD90BC901C97680D791D8A1D9B1D0E94E2
:10667000A436B981B170BC83E981E0FD3AC0AA813A
:10668000BB810D90BC91A02DBE83AD8319968D90DA
:106690009D90AD90BC901C97240135017694679431
:1066A0005794479484189508A608B7080E946A2C46
:1066B000640D751D861D971D2FEF210F11114AC006
:1066C00026960FB6F894DEBF0FBECDBFDF91CF91F7
:1066D0001F910F91FF90EF90DF90CF90BF90AF9000
:1066E0009F908F907F906F905F904F903F902F90F2
:1066F00008950981069506950695402F4170EA8117
:10670000FB816281738184810E943A37AA81BB81B7
:106710000D90BC91A02DBE83AD8319968D909D9058
:10672000AD90BC901C9724013501769467945794E2
:10673000479484189508A608B7080E946A2C640D2F
:10674000751D861D971D2FEF210F112309F450CFC2
:10675000F1E0FC8330E02F5F3F4F1701220E331E24
:10676000D701DC90ED81FE81258508E010E020FF57
:1067700047C00E94A436AD81BE811696ED91FC9172
:10678000179718968C91189780834D2D4078139603
:106790006D917D918C910E943A370E946A2CDD0C9C
:1067A000110F680D791D8A1D9B1D0E94A436AD81B5
:1067B000BE811696ED91FC91179718968C911897BB
:1067C0008083ED91FC911197908112968C91892391
:1067D00091E009F490E0192B0E946A2C640D751D5C
:1067E000861D971D015029F6CC2011F0F70110836A
:1067F000FFEFEF1AFF0A2E143F0409F0B1CFF0CEDD
:106800000E94A4364D2D4078ED81FE816381748114
:1068100085810E943A37AD81BE811696ED91FC913B
:10682000179718968C9180830E946A2CDD0C110FAB
:10683000680D791D8A1D9B1D0E94A436AD81BE8105
:10684000ED91FC911197908112968C91892391E0A2
:1068500009F490E0192BAD81BE811696ED91FC9163
:10686000179718968C9180830E946A2C640D751D71
:10687000861D971D015021F6B7CFF7019701210F13
:10688000311D2E173F0709F4ABCE81918EBD0DB49B
:1068900007FEFDCFF6CFB981B3FB442740F9EA816B
:1068A000FB816281738184810E943A37F1E0FC832D
:1068B00086CECF93DF93EC016EE377E288810E946E
:1068C000C237288539854C8160E0DF91CF910C94E7
:1068D000AD32FF920F931F93CF93DF93EC0118819A
:1068E0006EE377E2812F0E94C2370C81F884C9855C
:1068F0002F2D3C2F402F61E00E94AD32CF93FF92AD
:106900001F920F931F921F9384E496E19F938F939E
:106910000E94AE228DB79EB708960FB6F8949EBF20
:106920000FBE8DBFDF91CF911F910F91FF90089502
:10693000FC011092260281E080935102818D8160DA
:10694000818F448155816681778180859185A2857B
:10695000B385840F951FA61FB71F84839583A683D5
:10696000B78381E008950F931F93CF93DF938C013A
:1069700065EF74E3FC0180810E94C237EC010E9444
:10698000374AF80184819581A681B7818C839D83E4
:10699000AE83BF8380859185A285B38588879987DB
:1069A000AA87BB87892B8A2B8B2B29F4DF91CF9168
:1069B0001F910F91089584859585A685B7858C874D
:1069C0009D87AE87BF8780899189A289B389888B8B
:1069D000998BAA8BBB8B84898E8B1F8ACE01DF910A
:1069E000CF911F910F910C94894AFF920F931F939F
:1069F000CF93DF93EC01F88483E08F15D0F04AE168
:106A000050E065EF74E388810E949C378C0188E92F
:106A100094E3F801938382838C810E94B228F80169
:106A2000958B848BF08EDF91CF911F910F91FF900A
:106A300008958AE20E947D52EF92FF920F931F9376
:106A4000CF93DF938C0162E272E3FC0180810E94AC
:106A5000C2377C0181E190E00E948B22EC01F801B9
:106A600084859585A685B7858D879E87AF87B88BEA
:106A70008089880F8C8761E084810E94122B688353
:106A800079838A8361E0F80184810E9401376E83F3
:106A90007F83888761E0F80180850E94122B6B83D9
:106AA0007C838D8361E0F80180850E9401376987CE
:106AB0007A878B87F701D183C0838281816082834B
:106AC000DF91CF911F910F91FF90EF9008958F92DA
:106AD0009F92AF92BF92CF92EF920F931F93CF935B
:106AE000DF93EC01480159011F92EF92BF92AF92E0
:106AF0009F920F937F936F935F934F931F92CF92C9
:106B00008AE196E19F938F930E94AE228DB79EB744
:106B10000E960FB6F8949EBF0FBE8DBFE11009C050
:106B20008C859D85AE85BF8588169906AA06BB060D
:106B300088F48F898F5F8F8B9E898917B0F4DF91DE
:106B4000CF911F910F91EF90CF90BF90AF909F90FA
:106B50008F90089588899989AA89BB898815990594
:106B6000AA05BB0530F31F8AEACF80912802811164
:106B7000FACF89E20E947D52CF92DF92EF92FF928C
:106B80006B017C010E946A2CC60ED71EE81EF91EFE
:106B90000E946A2C292F6C157D058E052F0927FD73
:106BA000F7CFFF90EF90DF90CF900895CF93DF93D2
:106BB000EC016B817C818D8140E00E9449376D85BD
:106BC0007E858F8598890E94BC356E817F818885FE
:106BD00041E00E94EB366D857E858F8598890E9405
:106BE000BC3569857A858B8541E0DF91CF910C9426
:106BF000EB36FF920F931F93CF93DF93EC01062F99
:106C000018E082E0F82E1DC0F11029C0000F6D853C
:106C10007E858F8598890E94BC356E817F818885AD
:106C200041E00E94EB366D857E858F8598890E94B4
:106C3000BC35688179818A8140E00E9449371150D2
:106C4000B1F007FFE1CF81E0F81601F369857A859D
:106C50008B8541E00E94EB36FF24F394D7CF6B8104
:106C60007C818D8140E00E944937F12CCFCFF1101B
:106C700006C069857A858B8541E00E94EB366D857B
:106C80007E858F8598890E94BC356E817F8188853D
:106C900041E00E94EB36E985FA8510818B85182347
:106CA0006D857E858F8598890E94BC356881798144
:106CB0008A8140E00E94493781E090E0111102C0D2
:106CC00080E090E0DF91CF911F910F91FF900895A8
:106CD0001F93CF93DF93EC01162F6D857E858F85F3
:106CE00098890E94BC3569857A858B8541E00E9430
:106CF000EB366E817F81888541E00E94EB366D85A1
:106D00007E858F8598890E94BC356B817C818D81C1
:106D100040E00E9449376D857E858F8598890E9465
:106D2000BC35688179818A8140E00E944937612FB2
:106D3000CE010E94F9358130910511F483E090E095
:106D4000DF91CF911F910895CF92DF92EF92FF9242
:106D50006B017C010E946A2C292F6C157D058E0524
:106D60002F0927FDF7CFFF90EF90DF90CF90089588
:106D7000CF92DF92EF92FF926B017C0109C00E94DB
:106D80006A2C292F6C157D058E052F0927FF09C058
:106D90008091BC0087FFF3CFFF90EF90DF90CF9002
:106DA00008958AE30E947D5224EA2093BC000E9449
:106DB000B8368091B90090E0A0E0B0E08031910554
:106DC000A105B10521F00897A105B10509F40895C1
:106DD00089E30E947D52FB012FB7F894928114162B
:106DE00044F4982B809531818323818392832FBF34
:106DF00008958095982331818323818392832FBFC7
:106E000008958036A0F567FD32C0E82FE695E69537
:106E1000E695F0E0EE0FFF1FE355F94EA591B49112
:106E2000109729F1877021E030E0A90102C0440FDA
:106E3000551F8A95E2F7CA014FB7F89412963C9114
:106E40001297662381F0382B282F209511965C919C
:106E50001197252311962C93119712963C93129714
:106E60004FBFBD010895282F20953223EFCF85E332
:106E70000E947D52FB012FB7F8949281411105C009
:106E80008095892382832FBF0895892B82832FBF0A
:106E90000895FB013FB7F8949181982B228141110D
:106EA00006C080958223828391833FBF0895822B01
:106EB000828391833FBF0895CF93209153023091F5
:106EC0005402232B91F4FC01C0818C2F90E0880F99
:106ED000991F880F991F0E948B22909354028093D0
:106EE0005302C0935202CF9108958AE00E947D52CE
:106EF000CF93DF93EC01988140915202A09153020D
:106F0000B09154020BC0FD0184E0989FE00DF11D8B
:106F10001124208131812617370741F09F5F941794
:106F200090F380E090E0DF91CF9108959883828183
:106F30009381DF91CF910895CF93DF939091520287
:106F40008917E8F4C0915302D091540294E0899FCC
:106F5000C00DD11D112488819981892B81F48091E4
:106F60005B0290915C02892B51F479836883CA019A
:106F70000E948B229B838A83DF91CF9108958BE0BF
:106F80000E947D5290915202891788F4E091530239
:106F9000F091540294E0899FE00DF11D112480814D
:106FA00091818617970719F48281938108958CE067
:106FB0000E947D52CF92DF92EF92FF92CF93DF93A8
:106FC000C0915B02D0915C022097B9F121976E01CC
:106FD000E12CF12CA0915A02B0E02097D9F020E0EA
:106FE00030E040E050E0BA0180915802909159029F
:106FF000FC01E20FF31F4F5F5F4F6F4F7F4F2A0F70
:107000003B1F820F931F918380834C155D056E0596
:107010007F0550F38091580290915902CA9FF00168
:10702000CB9FF00DDA9FF00D1124E80FF91F1182AC
:1070300010829093500280934F02DF91CF91FF9086
:10704000EF90DF90CF900895FC011382128211829D
:1070500010826F3F710509F07CF480915B02909182
:107060005C02892B49F480915A0290E086179707B9
:1070700014F460935A0208950E945E1BCF92DF922F
:10708000EF92FF921F93CF93DF936A017B0165EC30
:1070900076E1FB019491981749F0675F7F4FF7E124
:1070A00065357F07B1F78EE30E947D52FB0138966C
:1070B000949191FF1AC030EAC3163FE5D306E1046C
:1070C000F10408F483C0C0E8CC16CEE7DC06C1E0CA
:1070D000EC06F10408F090C0D0E4CD16DFEBDD063D
:1070E000E104F104C8F414E022C0F8EBCF16F7E491
:1070F000DF06E104F10490F0A0ECCA16AEE3DA0674
:10710000A1E0EA06F10408F475C0C114BBEFDB0688
:10711000B4E0EB06F10438F315E009C037EFC3160D
:1071200038E0D306E104F10408F05FC011E0FB0190
:107130003396A591B491FB013596C591D491FB018D
:1071400037963491E82FE695E695E695F0E0EE0F58
:10715000FF1FE355F94E459154918770E1E0F0E04F
:107160007F0101C0EE0C8A95EAF7FB013196C590CC
:10717000D490892F8170A038B10509F44BC0EFB7C6
:10718000F8949881977011F0191341C018838111F8
:107190002EC09FB7F894622F70E0E6017983688370
:1071A0009FBF9C913160392B3C93DA0111969C91E1
:1071B0001197E92A1196EC92EFBFB601DF91CF91BA
:1071C0001F91FF90EF90DF90CF900895A8EDCA1621
:1071D000A7E2DA06E104F10468F4B7EFCB16B8E0F1
:1071E000DB06E104F10408F4A1CF12E0A0CFE60130
:1071F0002883D7CF13E09BCFC114EBEFDE06E4E08A
:10720000EE06F10410F416E092CF17E090CF8CE375
:107210000E947D528DE30E947D52CF92DF92EF92C9
:10722000FF92CF93DF93FC01A085B18582858C937B
:10723000968581E089278687C82FC170C688D78840
:10724000E08CF18C97859F5FD1899D1708F05FC016
:10725000892F869586958695DF01A80FB11D5A96D0
:107260002C9130E0892F877002C0359527958A953B
:10727000E2F72170B701A601C217A9F033C0892F28
:10728000869586958695DF01A80FB11D5A962C919B
:1072900030E0892F877002C0359527958A95E2F7EF
:1072A0002170C2131FC04C0D5D1D6E1D7F1D9F5FA1
:1072B0009D1728F382E09CE39383828384819581E8
:1072C000A681B781480F591F6A1F7B1F44835583CE
:1072D0006683778381E0DF91CF91FF90EF90DF901D
:1072E000CF900895978784819581A681B781480FB3
:1072F000591F6A1F7B1F448355836683778381E010
:10730000DF91CF91FF90EF90DF90CF900895B7017C
:10731000A601D0CFCF92DF92EF92FF920F931F93EF
:10732000CF93DF93EC01E885F9858A8580830E94FD
:107330006A2C3E8521E023272E872F852F5F2F87FC
:10734000213009F45CC02530E0F40C811D812E81D0
:107350003F814A895B896C897D89DB01CA01800F85
:10736000911FA21FB31F8C839D83AE83BF8381E0D7
:10737000DF91CF911F910F91FF90EF90DF90CF9011
:107380000895CC80DD80EE80FF80AB01BC014C19FC
:107390005D096E097F098E899F89A88DB98D481B6B
:1073A000590B6A0B7B0BDB01CA010296A11DB11DB3
:1073B000B7FD34C0B595A79597958795B595A795D1
:1073C000979587950A891B892C893D89800F911F84
:1073D000A21FB31F8E8B9F8BA88FB98F2DE039E32F
:1073E0003B832A834C0D5D1D6E1D7F1D840F951FF1
:1073F000A61FB71F8C839D83AE83BF83B8CF0C813C
:107400001D812E813F81AB01BC01401B510B620BE2
:10741000730B4E8B5F8B688F798F9BCFDB01CA011B
:107420000596A11DB11DC6CFEF92FF920F931F933A
:10743000CF93DF937C0165EB7AE3FC0180810E94AE
:10744000C237EC011E8511FF07C0DF91CF911F915C
:107450000F91FF90EF900895F70104816085718589
:10746000F4840B3008F045C0FAE0FF1508F441C081
:10747000402F50E04A960E94FF531F8611731260FE
:107480001E87802F880F880F880F898BFF0CFF0CB9
:10749000FF0CF88A002349F08A8D8F738A3229F411
:1074A0008AE899E39B838A830CC08A899B89AC898B
:1074B000BD898E8B9F8BA88FB98F8DE099E39B83BD
:1074C0008A83F8940E946A2CDC01CB018058934F88
:1074D000AF4FBF4F8C839D83AE83BF83CE010E948D
:1074E000894A7894DF91CF911F910F91FF90EF908F
:1074F000089586E20E947D520F931F93CF93DF93EE
:107500008C016EE379E2DC018C910E94C237EC01C0
:10751000D8011496EC918F898E0F8F8BF8948E85FD
:10752000E817D0F48E1BF0E03F96EC0FFD1FDE0154
:107530001F962FEF280F30E0205F3F4F2C0F3D1F8D
:1075400091919D93A217B307D9F78E877894DF9115
:10755000CF911F910F9108951E868EEF888F78949A
:10756000DF91CF911F910F9108957F928F929F92FB
:10757000AF92BF92CF92DF92EF92FF920F931F9341
:10758000CF93DF93EC0144E250E065EB7AE388812E
:107590000E949C378C0178848C809D80AE80BF8057
:1075A000CC84DD84EE84FF8461E0711001C060E072
:1075B000882D0E940137F80163877487858761E011
:1075C0008C2D0E94122BF801608771878287888931
:1075D0009989AA89BB89828B938BA48BB58B7110F7
:1075E00018C091E08C149D04AE04BF04C1F080E08B
:1075F000892BF8018687DF91CF911F910F91FF9022
:10760000EF90DF90CF90BF90AF909F908F907F9042
:10761000089591E18C149D04AE04BF0441F780E20B
:10762000E7CF0F931F93CF93DF938C016EE379E243
:10763000FC0180810E94C237EC010E94374AF801A8
:1076400084819581A681B7818C839D83AE83BF831E
:107650004085518562857385488759876A877B870E
:1076600080898D878C871E861F8A8EEF888F848500
:10767000898F87FD10C0452B462B472B29F4DF91BE
:10768000CF911F910F910895CE01DF91CF911F915E
:107690000F910C94894A83E20E947D52CF93DF932D
:1076A000EC018E8585FD0DC0688579858A8541E070
:1076B0000E943A378E85807381608E87DF91CF91EB
:1076C0000895688579858A8541E00E9449378E85CD
:1076D000807381608E87DF91CF910895CF93DF9380
:1076E000FC01A385B4855C918785982F977021E074
:1076F00030E001C0220F9A95EAF7982F969596955B
:107700009695DF01A90FB11D5A969C915A97458510
:107710004523E1F0292B5A962C938F5F9089891786
:10772000E8F48787448155816681778186899789C6
:10773000A08DB18D840F951FA61FB71F84839583DD
:10774000A683B78381E0DF91CF9108952095292307
:107750005A962C938F5F9089891718F3EF01CF0108
:107760000E944E3B8E8588608E871092260281E0B3
:107770008093550280E0DF91CF910895CF93DF93FE
:10778000FC01A385B4859C9185858923E9F08685D4
:1077900084608687878591E0980F9787803408F505
:1077A000448155816681778186899789A08DB18DC5
:1077B000840F951FA61FB71F84839583A683B78365
:1077C00081E0DF91CF910895868582FFE3CF178610
:1077D0008EE69BE393838283CF01DF91CF910C945C
:1077E0006E3BEF01108ACF010E944E3B8E85886070
:1077F0008E871092260281E08093550280E0DF910F
:10780000CF9108951F93CF93DF93EC011889112333
:1078100069F14E8545FD23C01F868EEB9BE39B835C
:107820008A838E899F89A88DB98D880F991FAA1F79
:10783000BB1F880F991FAA1FBB1F4C815D816E81E2
:107840007F81840F951FA61FB71F8C839D83AE83F6
:10785000BF8311E0812FDF91CF911F910895407177
:107860006B857C858D850E94EB36D6CF0E944E3B82
:107870008E8588608E871092260281E08093550263
:10788000812FDF91CF911F910895FC01A085B185D3
:107890009C9182858923D1F0818D80958170C9F476
:1078A000838D815031F1838F448155816681778149
:1078B00087859089A189B289840F951FA61FB71F5C
:1078C00084839583A683B78381E00895818D817039
:1078D00039F380E89CE39383828383899489A58923
:1078E000B68984839583A683B783828D838F81E055
:1078F0000895648D8789908D0E94774880E008956F
:107900000F931F93FC01A085B1859C910481158183
:10791000268137814385548565857685400F511FC3
:10792000621F731F8285892361F0818D809581702C
:1079300059F0448355836683778381E01F910F91CB
:107940000895818D8170A9F7438B548B658B768B5D
:1079500085E49CE393838283CF011F910F910C9464
:10796000453CCF93DF93EC016CED7DE388810E9471
:10797000C237FC018C819D81AE81BF81892B8A2B0E
:107980008B2B51F420E0F89494A59D7F922B94A723
:107990007894DF91CF91089522E0F5CF0F931F9354
:1079A000CF93DF938C01EC01A897CE010E94374A58
:1079B0001C821D821E821F821A8A1B8A1C8A1D8AB3
:1079C00088A199A1AAA1BBA12CA54E855F85688934
:1079D000798924FD04C07695679557954795841B52
:1079E000950BA60BB70BB7FD45C0B095A09590952C
:1079F00081959F4FAF4FBF4F88A399A3AAA3BBA365
:107A00001E861F86188A198A247328602CA76D8DFC
:107A10007E8D8F8D40E00E943A374CA544FF23C0F5
:107A200045FD21C0D8011497ED91FC911197309735
:107A3000A9F040914F029091500201C0F9012081BC
:107A4000318140839183F0935002E0934F024E2F97
:107A50009F2F2115310591F71D921C92DF91CF9137
:107A60001F910F91089544706A8D7B8D8C8D0E94BB
:107A70003A37D8CFB095A095909581959F4FAF4F4D
:107A8000BF4FB3CF0F931F93CF93DF938C016CED58
:107A90007DE3FC0180810E94C237EC0166E777E458
:107AA000F80184810E94C237BE01685D7F4F4FB7E5
:107AB000F8942AA53BA5232B89F42EEC3CE33BA7A5
:107AC0002AA7FC012489358939A728A7758B648BDF
:107AD0004FBFDF91CF911F910F91089589E10E94CF
:107AE0007D52CF93DF93EC016CED7DE388810E94A2
:107AF000C237FC018C819D81AE81BF81F89446859F
:107B0000578560897189452B462B472B79F48483EF
:107B10009583A683B783828B938BA48BB58B84A527
:107B2000877F84A77894DF91CF91089586E10E94A2
:107B30007D52CF93FC01C0816CED7DE38C2F0E94C0
:107B4000C237FC01F89480A191A1A2A1B3A124A500
:107B5000468557856089718924FD04C076956795AF
:107B600057954795841B950BA60BB70BB7FF07C01E
:107B7000B095A095909581959F4FAF4FBF4F78944A
:107B8000B054BF93AF939F938F931F92CF9380E690
:107B900096E19F938F930E94AE228DB79EB7089671
:107BA0000FB6F8949EBF0FBE8DBFCF910895FC0114
:107BB000648180810C94122B0F931F93CF93DF93DA
:107BC0008C014DE250E06CED7DE3FC0180810E9470
:107BD0009C37EC01F801848518160CF041C084E054
:107BE0008CA764E084810E94122B6A8F7B8F8C8F1C
:107BF00060E0F80180850E94122B6D8F7E8F8F8F41
:107C000080E090E0A0E0B0EC88A399A3AAA3BBA376
:107C1000F80180899189A289B3898E8B9F8BA88F67
:107C2000B98F6BE070E0CE0184960E9424388E8973
:107C30009F89A88DB98D8997A105B10548F08EEF70
:107C40009FE39B838A83DF91CF911F910F910895CA
:107C50008CA580638CA7DF91CF911F910F91089520
:107C6000811104C06CA56470F801BCCF80E18CA7C1
:107C700060E0F80184810E94122B6A8F7B8F8C8FC9
:107C800060E0F80180850E94122B6D8F7E8F8F8FB0
:107C900080E090E0A0E0B0EC88A399A3AAA3BBA3E6
:107CA000F80180899189A289B3898E8B9F8BA88FD7
:107CB000B98F6BE070E0CE0184960E942438BFCF6C
:107CC0004F925F926F927F928F929F92AF92BF92EC
:107CD000CF92DF92EF92FF920F931F93CF93DF9398
:107CE000FC01A4A1B5A11097B1F416861786108ADD
:107CF000118A80E0DF91CF911F910F91FF90EF905B
:107D0000DF90CF90BF90AF909F908F907F906F90BB
:107D10005F904F9008958D919C91119795A384A3A6
:107D20001296CD90DD90ED90FC90159718968D9160
:107D30009C91199716962D913C9117971A964C91F4
:107D40001A9760914F027091500211967C936E9336
:107D5000B0935002A0934F02A42FA17040FD3AC0EF
:107D600040A151A162A173A12C01612C712C440D81
:107D7000551D661D771D40A351A362A373A33587CC
:107D80002487A901032E000C660B770B4C0D5D1D9B
:107D90006E1D7F1D408751876287738794A595FF6D
:107DA0002BC04481558166817781C40ED51EE61EA5
:107DB000F71EC482D582E682F78246865786608A9D
:107DC000718A232B09F46EC0906494A7A1110EC090
:107DD00081E090CF40A151A162A173A170956095FF
:107DE000509541955F4F6F4F7F4FBECFA58DB68D9C
:107DF000878D8C9381E07ECF468557856089718918
:107E000084809580A680B78002891389248935896A
:107E1000C00ED11EE21EF31EC28AD38AE48AF58AFE
:107E2000C482D582E682F782892F807194FD04C0D6
:107E3000440C551C661C771C46865786608A718ADE
:107E4000452B462B472B11F2EF019F2DC814D90467
:107E5000EA049B0997FD32C0AA2309F4B9CF811126
:107E600023C0ED8DFE8D8F8D80830E946A2C0E893C
:107E70001F89288D398DDC01CB01800F911FA21F36
:107E8000B31FCC80DD80EE80FF802F2DC816D90671
:107E9000EA062B0B27FF9CCF8C839D83AE83BF8389
:107EA00081E028CF9F7B91CF0E946A2C292F6815F3
:107EB00079058A052B0927FDF7CFD3CFC818D90834
:107EC000EA08FB0890E8C91691ECD9069FEFE9068D
:107ED000F9062CF084829582A682B782BDCF88E114
:107EE0000E947D520F931F93CF93DF938C016CED13
:107EF0007DE3DC018C910E94C237EC010E94772265
:107F0000FC01D80114964D915D916D917C9117976C
:107F1000428353836483758318968D919C9119973E
:107F200091878087892B09F466C0D8011C968D91B2
:107F30009C911D97978386831286F8948CA5282F91
:107F4000217081FB992790F9291729F091E0892761
:107F50009285916092874E855F8568897989452BE6
:107F6000462B472B59F583FD19C08CA7118210822F
:107F70008CA19DA1892BA9F1AEA1BFA1ED93FC938A
:107F8000FFA3EEA3CE010E94603ECE010E94894A6B
:107F90007894DF91CF911F910F91089580914F02B6
:107FA0009091500291838083F0935002E0934F02AE
:107FB0007894DF91CF911F910F9108958CA7118232
:107FC00010828CA19DA1892B89F0AEA1BFA1ED9358
:107FD000FC93FFA3EEA37894DF91CF911F910F91B3
:107FE0000895FFA3EEA3FDA3ECA3CCCFFFA3EEA3C4
:107FF000FDA3ECA3CDCF87E10E947D528F929F928B
:10800000AF92BF92CF92DF92EF92FF920F931F93A6
:10801000CF93DF93EC01EA8DFB8D8C8D80830E94E2
:108020006A2C0E891F89288D398DAB01BC01400F48
:10803000511F621F731F8E859F85A889B98901977B
:10804000A109B10980FF19C02CA524FD1AC08E8793
:108050009F87A88BB98B4C835D836E837F8381E080
:10806000DF91CF911F910F91FF90EF90DF90CF9014
:10807000BF90AF909F908F9008950097A105B10594
:1080800071F1C884D984EA84FB840A891B892C890C
:108090003D890C0D1D1D2E1D3F1D0A8B1B8B2C8B2E
:1080A0003D8BEC85FD854F01FF0FAA08BB08C80C6E
:1080B000D91CEA1CFB1CC886D986EA86FB86E32FFE
:1080C000041715072607E70BE7FDC1CF8E879F87AB
:1080D000A88BB98B0C831D832E833F83C0CF4C8329
:1080E0005D836E837F83CE01DF91CF911F910F91CE
:1080F000FF90EF90DF90CF90BF90AF909F908F90C8
:108100000C94603E80915B0290915C029F938F93F0
:1081100021E030912802311101C020E01F922F93FD
:10812000209160022F9320915F022F9320915E0295
:108130002F9320915D022F9321E0892B09F420E0F9
:108140001F922F9385E796E19F938F930E94AE2213
:108150008DB79EB70C960FB6F8949EBF0FBE8DBF1D
:1081600008950E946A2C9F938F937F936F938CE75F
:1081700096E19F938F930E94AE220F900F900F90E5
:108180000F900F900F9008950F931F93CF93DF934D
:108190008C0180915B0290915C02892B09F04BC0AD
:1081A00060915A0270E0623071052CF482E0809395
:1081B0005A0262E070E0E0915602F09157024DB72A
:1081C0005EB741505F4F44275A959F01C0E0D0E011
:1081D000C901860F971F4817590730F121969C0156
:1081E000C115A4E0DA07A1F78E1B9F0B0E948B221A
:1081F000D0935C02C0935B02909359028093580223
:108200000E94DA37F80180819181A281B381809345
:108210005D0290935E02A0935F02B0936002DF91D3
:10822000CF911F910F910895209711F0C901DCCFD4
:1082300080E10E947D528DE00E947D52FC017E977C
:108240009389892F847092FF17C0858D948D98171C
:10825000A0F08F5F858F42A153A164A175A186A173
:1082600097A1A0A5B1A5840F951FA61FB71F82A334
:1082700093A3A4A3B5A381E0089565896E5F868961
:1082800097890E94774880E0089583E30E947D5299
:10829000CF93DF93EC0160ED71E488810E94C237D7
:1082A000FC018C819081981738F0818388858F73C9
:1082B0008283DF91CF9108950E944541CF93DF9350
:1082C000EC0160ED71E488810E94C237FC018C8171
:1082D0009D81AE81BF8185839683A783B087888582
:1082E0009985AA85BB8581879287A387B4878C856A
:1082F0008F73838388898483DF91CF910895CF938F
:10830000DF93EC0160ED71E488810E94C237FC01CB
:1083100011822C8130812317C8F4FC013CE1239F9A
:10832000E00DF11D112488859985AA85BB8581A35F
:1083300092A3A3A3B4A38C859D85AE85BF8585A399
:1083400096A3A7A3B0A7DF91CF9108950E944541BE
:10835000CF93DF93EC0160ED71E488810E94C23716
:10836000FC0111828C8190818917C0F4DE0118967E
:108370009CE1899FE00DF11D11243D96CE014C96A4
:108380004D915D916D917D91419351936193719365
:10839000A817B907A9F7DF91CF9108950E94454129
:1083A000CF93FC01C481FCE1CF9FA0011124435F66
:1083B0005F4F60ED71E4FC0180810E949C37FC01FD
:1083C000C083CF9108952F923F924F925F926F9208
:1083D0007F928F929F92AF92BF92CF92DF92EF9255
:1083E000FF920F931F93CF93DF93CDB7DEB7EB9739
:1083F0000FB6F894DEBF0FBECDBF009731F0DC01A1
:108400005396BC91B983B2FD19C0EB960FB6F894A0
:10841000DEBF0FBECDBFDF91CF911F910F91FF90B7
:10842000EF90DF90CF90BF90AF909F908F907F9014
:108430006F905F904F903F902F9008956A017B015D
:108440009A8B898B0E946A2C69A77AA78BA79CA715
:10845000098101FD4EC319811D7F18AFA989BA8911
:108460005D961C925D97FD0180819181A281B3810F
:10847000C816D906EA06FB065CF5A989BA8953969F
:108480008C91539782FFC1CF53961C925397559668
:108490006C91559756968D919C915797EB960FB688
:1084A000F894DEBF0FBECDBFDF91CF911F910F912A
:1084B000FF90EF90DF90CF90BF90AF909F908F9004
:1084C0007F906F905F904F903F902F900C947748E3
:1084D000E989FA8984819581A681B7818C159D05EA
:1084E000AE05BF0554F2E989FA890084F185E02DD3
:1084F000FA83E9838481811120C385819681A781D4
:10850000B085A7019601280F391F4A1F5B1F809570
:108510009095A095B0958827B7FD83959927AA27B0
:10852000BB2761E02C153D054E055F050CF460E0AE
:108530006813F3C2A981BA8113969C901397199678
:108540006D917D918D919C911C970E9410535901C2
:108550006A017B01E82F192F9920C9F0A92DB0E0FD
:10856000119721E030E040E050E060E070E080E012
:1085700090E00A2F0E944A530E2F0E948153092D2A
:108580000E94635359016A017B01E82F192F95015D
:10859000A60125013601B7018E2F912F50586F4F3C
:1085A0007F4F8F4F9F4F2F3F3F4F4F4F5F4F610583
:1085B00071058105910511F008F0AFC2A981BA815A
:1085C0001296BC91BDA7E981FA818181082F10E044
:1085D0001FA70EA7012B09F4BFC2FDA5EF2FF0E0E6
:1085E000FC8FEB8F8F010150110921E030E040E05A
:1085F00050E060E070E080E090E00E944A532D8FF0
:108600003E8F4F8F58A369A37AA38BA39CA3298085
:108610003A801A8E198E71C1AD8CBE8CCF8CD8A0C9
:10862000E9A0FAA00BA11CA10E9481530B8D0E940E
:10863000635329833A834B835C836D837E838F836B
:108640009887F10181A192A1A3A1B4A109811A8106
:108650002B813C81080F191F2A1F3B1F0B8B1C8B82
:108660002D8B3E8B2189328943895489C301B20104
:108670000E9410530BA11CA10E9481530B8D0E94DC
:108680006353122FD32EB42FA52F7B01082FC92E91
:10869000322FCD013987DA869B878C8729813A81F1
:1086A0004B815C816D817E818F81988550586F4FA1
:1086B0007F4F8F4F9F4FAA24A394B12C2F3F3F4F42
:1086C0004F4F5F4F610571058105910509F010F469
:1086D000A12CB12CEE27FF27EA19FB09212F3D2DF4
:1086E0004B2F5A2FB701802F9C2D50586F4F7F4F23
:1086F0008F4F9F4FA1E0B0E02F3F3F4F4F4F5F4F55
:10870000610571058105910509F010F4A0E0B0E064
:10871000222733272A1B3B0B49018E2A9F2AD1018E
:1087200059966D917D918D919C915C972B893C8997
:108730004D895E890E941053AD8CBE8CCF8CD8A021
:10874000E9A0FAA00BA11CA10E9481530B8D0E94ED
:1087500063536DA37EA38FA398A728AB3F8B488F4D
:1087600059AB2D873E874F87588BF1012589368974
:108770004789508DC301B2010E9410530BA10E9482
:1087800081530B8D0E9463538901B42FA52F6B0178
:108790007C01322FCD0139831A839B838C8328A9D6
:1087A0003F89488D59A96DA17EA18FA198A55058E8
:1087B0006F4F7F4F8F4F9F4FAA24A394B12C2F3F11
:1087C0003F4F4F4F5F4F610571058105910509F0DE
:1087D00010F4A12CB12CEE27FF27EA19FB09980110
:1087E0004B2F5A2FB601C70150586F4F7F4F8F4FF5
:1087F0009F4F01E010E01AAF09AF2F3F3F4F4F4F9F
:108800005F4F610571058105910509F010F41AAEFD
:1088100019AEA9ADBAADB195A195B109AE2BBF2BDB
:10882000A829B929BAAFA9AFF101258D368D478D99
:1088300050A16B897C898D899E890E941053AD8CD3
:10884000BE8CCF8CD8A0E9A0FAA00BA11CA10E94DD
:1088500081530B8D0E9463534B885C886D887E88A2
:1088600069017A0150586F4F7F4F8F4F9F4F2F3FB5
:108870003F4F4F4F5F4F610571058105910511F025
:1088800008F04BC109AD1AAD012B09F046C189852D
:108890009A85AB85BC852D853E854F855889821B81
:1088A000930BA40BB50BF10145A156A167A170A5CF
:1088B000840F951FA61FB71F81A392A3A3A3B4A3E0
:1088C00089819A81AB81BC818C199D09AE09BF0950
:1088D00085A396A3A7A3B0A7098D1A8D0F5F1F4F7D
:1088E0001A8F098F1CE1210E311C298D3A8D4EA55E
:1088F0005FA52417350709F42FC1D1011D966D918D
:108900007D918D919C915097A30192010E941053EB
:1089100049015A016B017C01BDA5B1117DCEF10168
:1089200081A192A1A3A1B4A18C019D01080D191DE3
:108930002A1D3B1D0B8B1C8B2D8B3E8B2189328975
:1089400043895489C301B2010E9410536AAB7BABC7
:108950008CAB9DAB89014BAF59AF29871A874B87E9
:108960005C87D10159966D917D918D919C915C9719
:108970002B893C894D895E890E9410532F8B388F3B
:108980004DA35EA36FA378A788AB99AB322F288D38
:108990003D872E874F87588BF10125893689478976
:1089A000508DC301B2010E9410533901B42FA52F7D
:1089B000562E7EAB8FAB492E322FCD0139837A8272
:1089C0009B838C8398014BAD59AD6AA97BA98CA977
:1089D0009DA950586F4F7F4F8F4F9F4FE1E0F0E0C0
:1089E0002F3F3F4F4F4F5F4F610571058105910547
:1089F00009F010F4E0E0F0E0002711270E1B1F0B38
:108A00001AAF09AF9401A501B601C70150586F4FC5
:108A10007F4F8F4F9F4FE1E0F0E02F3F3F4F4F4F91
:108A20005F4F610571058105910509F010F4E0E0E3
:108A3000F0E0F195E195F10909AD1AAD0E2B1F2B70
:108A40001AAF09AF93014B2F5A2F652D7EA98FA91D
:108A5000942D50586F4F7F4F8F4F9F4FE1E0F0E0C4
:108A60002F3F3F4F4F4F5F4F6105710581059105C6
:108A700009F010F4E0E0F0E0F195E195F109A9AD1D
:108A8000BAADEA2BFB2B2F89388D4DA15EA16FA1CA
:108A900078A588A999A950586F4F7F4F8F4F9F4F46
:108AA00001E010E01AAF09AF2F3F3F4F4F4F5F4F2C
:108AB000610571058105910509F010F41AAE19AE32
:108AC000A9ADBAADB195A195B109AE2BBF2BBAAF87
:108AD000A9AFF101258D368D478D50A16B897C8919
:108AE0008D899E890E9410534B885C886D887E8892
:108AF000B7CEA989BA8958964D915D916D917C91B7
:108B00005B978CA509A51AA52BA53CA504171507ED
:108B10002607870B87FD79CC9ECCA989BA89539605
:108B20008C9182FF72CCA989BA8953961C92539773
:108B300055966C9155976F5FADCC88279927DC01CE
:108B40008C199D09AE09BF09E981FA818583968355
:108B5000A783B0871482D5CCE989FA8982898130CC
:108B600009F458C008F440C08230C9F5E989FA898F
:108B700086859785A089B18984159505A605B705D1
:108B80000CF458C084199509A609B70931E020E012
:108B9000E989FA894285538564857585481759079F
:108BA0006A077B07A8F5832F922F892BC1F0A9892B
:108BB000BA8954966C91549756968D919C9157977B
:108BC0000E94774809A51AA52BA53CA5A989BA89B1
:108BD00058960D931D932D933C935B9718AE08AD5B
:108BE000E989FA89038B11CCC20157FC28C0092EF0
:108BF000000CAA0BBB0B31E020E0E989FA89428521
:108C000053856485758584179507A607B7075CF6B5
:108C100030E0C9CF31E020E0E989FA898285938587
:108C2000A485B58584159505A605B7050CF4BBCFBD
:108C300030E0B9CF46865786608A718AD0CF8827C0
:108C4000992784199509D3CF009719F0FC0123893E
:108C500022FF0895138A25892D5F620F86899789DF
:108C60000C9477486F927F928F929F92AF92BF92AF
:108C7000CF92DF92EF92FF920F931F93FC018381BB
:108C80008F9382818F93848135014601680E711C18
:108C9000811C911CD401C301BF93AF939F936F922A
:108CA00081818F9380818F931F930F93FF92EF9217
:108CB0005F934F933F932F931F926F938CE096E1B6
:108CC0009F938F930E94AE228DB79EB744960FB6A6
:108CD000F8949EBF0FBE8DBF1F910F91FF90EF9034
:108CE000DF90CF90BF90AF909F908F907F906F90CC
:108CF0000895CF93DF93EC0105969F938F938C811A
:108D00001F928F9389818F9388818F931F926F9386
:108D100085E096E19F938F930E94AE221C8288810A
:108D200099810196998388838DB79EB70A960FB66D
:108D3000F8949EBF0FBE8DBFDF91CF910895FC01C7
:108D400086898460868B1092260281E0809361027E
:108D5000448155816681778180899189A289B3890F
:108D6000840F951FA61FB71F84839583A683B7839F
:108D700081E00895FC0180917A0086FF0EC0848115
:108D80009581A681B7818853984FAF4FBF4F848399
:108D90009583A683B78381E00895828D9091010227
:108DA000981781F09F3F59F780930102982F987090
:108DB00090937B008770806480937C0087ED809324
:108DC0007A00DDCF8FEF80930102209178003091FF
:108DD0007900858D968D891780F544895589240FF2
:108DE000351F8F5F358B248B858F891760F18689BE
:108DF000978928173907C8F1808D918D82179307BD
:108E0000A0F1138E1092260281E0809362024089C5
:108E100051896289738980859185A285B385840F84
:108E2000951FA61FB71F808B918BA28BB38B84835A
:108E30009583A683B78381E0089581E0358B248BE9
:108E4000858F8917A0F64481558166817781848555
:108E50009585A685B785840F951FA61FB71F8483A8
:108E60009583A683B78381E00895838D8F5F838F79
:108E7000948D891738F2809128028111C2CF8BE13D
:108E80000E947D52CF93FC01C0816CE078E48C2F6E
:108E90000E94C237FC01F894818D33894489558939
:108EA00066897894A085B1852C919285922321E0E2
:108EB00009F420E01F922F936F935F934F933F939A
:108EC000869581701F928F931F92CF9389E596E1CB
:108ED0009F938F930E94AE228DB79EB70C960FB6CC
:108EE000F8949EBF0FBE8DBFCF91089549E150E029
:108EF00066E777E4FC0180810E949C372FE936E425
:108F0000FC013383228327EE38E4338722870895D8
:108F1000EF92FF920F931F93CF93DF938C0166E73D
:108F200077E4FC0180810E94C237EC01F8948E89BD
:108F300080FF13C07E01F8E0EF0EF11CC7010E9414
:108F4000374AF80184819581A681B7818C879D87F6
:108F5000AE87BF87C7010E94894A7894DF91CF917D
:108F60001F910F91FF90EF9008950F931F93CF9350
:108F7000DF938C016CE078E4FC0180810E94C237B1
:108F8000EC010E94374AF80184819581A681B7815E
:108F90008C839D83AE83BF8380859185A285B385B5
:108FA0008F87988BA98BBA8B84858A8F882361F1F0
:108FB000F80140895189628973894B875C876D8785
:108FC0007E8720E83CE33B832A838B8F84899589C5
:108FD000A689B789892B8A2B8B2BA1F482E0898FF4
:108FE00066E777E4F801808D0E94C237988F8F8BF7
:108FF000F801848D8C8FCE01DF91CF911F910F915D
:109000000C94894A83E0EBCF188E1F8A198EDF916A
:10901000CF911F910F9108950F931F93CF93DF93DB
:10902000EC014DE150E06CE078E488810E949C37CF
:109030008C0168858C810E940137F80160877187F7
:109040008287DF91CF911F910F910895CF93DF9386
:10905000EC010E94374ACE0108960E94374AEC89FB
:10906000FD89309751F090818181138212821182A3
:109070001082E92FF82F3097B1F71D8A1C8A188EBD
:109080001F8A1E8ADF91CF9108950F931F93CF936C
:10909000DF938C0166E777E4FC0180810E94C23790
:1090A000EC01F8940E94264881E08E8BF8018481BF
:1090B0009581A681B7818C839D83AE83BF83808594
:1090C0009185A285B385888B998BAA8BBB8B892BC5
:1090D0008A2B8B2B19F0CE010E94894AF8018485D6
:1090E000888F7894DF91CF911F910F9108950F93FE
:1090F0001F93CF93DF93EC010FB7F8949E8990FFF5
:1091000025C0162F6F8B9A7F94609E8BAC89BD898A
:109110001097B9F01296ED91FC9113978D919C9157
:1091200011979D8B8C8B11961C921E9213961C92FC
:109130001E921297612FCD011995AC89BD891097A8
:1091400049F71092260281E0809361020FBFDF9100
:10915000CF911F910F910895EF92FF921F93CF939C
:10916000DF937C01FC01108166E777E4812F0E9488
:10917000C237EC01F894F70164810E947748CE0170
:109180000E94374ACE0108960E94374A1E8A8F896C
:1091900078941F921F921F921F921F928F931F927B
:1091A0001F921F921F9382E596E19F938F930E94D7
:1091B000AE228DB79EB70C960FB6F8949EBF0FBE29
:1091C0008DBFDF91CF911F91FF90EF900895089789
:1091D000FC01608D0E94774880E00895FC0197852E
:1091E000916097871092260281E08093640280E06C
:1091F0000895FC019685916096871092260281E081
:109200008093630280E008950F931F93CF93DF93C1
:109210008C0147E450E064E079E4FC0180810E9425
:109220009C37EC0189EF98E49B838A83F801848161
:109230000E94B2289D878C87DF91CF911F910F915B
:1092400008950F931F93CF93DF93EC014AE450E00E
:1092500061E279E488810E949C378C018EEE98E46B
:10926000F8019383828388859985AA85BB850097B9
:10927000A105B10509F10197A105B105D1F462E29B
:1092800072E38C810E94C237F8019587848781E060
:1092900086878C859D85AE85BF8582309105A10529
:1092A000B10590F4F801808BDF91CF911F910F9160
:1092B00008958CE20E947D528C810E94B228F801B0
:1092C000958784871686E5CF8BE20E947D522F9288
:1092D0003F924F925F926F927F928F929F92AF9246
:1092E000BF92CF92DF92EF92FF920F931F93CF9393
:1092F000DF931F921F92CDB7DEB73C0164E079E4A3
:10930000FC0180810E94C2374C0189EB89831A825B
:109310000E946A2C1B012C019E012F5F3F4F42E0EF
:1093200061E0F401848595850E94AD320E946A2C2B
:109330002A812F772132A8F00F900F90DF91CF91E3
:109340001F910F91FF90EF90DF90CF90BF90AF9063
:109350009F908F907F906F905F904F903F902F9055
:109360000895F5E02F9F500111240B2C000CCC0820
:10937000DD087B018C01E218F30804091509A2013C
:109380009101F3016081C4010F960E943246D4CF4F
:109390000F931F93CF93DF93EC01F8940E946A2CF4
:1093A000088519852A853B85DC01CB01800F911F3B
:1093B000A21FB31F8C839D83AE83BF83CE010E9407
:1093C000894A7894DF91CF911F910F9108950F935F
:1093D0001F93CF93DF938C0164E079E4FC018081DB
:1093E0000E94C237EC010E94374A1E86F801848130
:1093F0009581A681B7810097A105B10529F4DF9178
:10940000CF911F910F91089588879987AA87BB876D
:10941000188A1F861A8A198A1B8ACE01DF91CF917A
:109420001F910F910C94C84980E008951092260274
:10943000EAE1F2E084819581A681B781AC01BD01AA
:109440005659674E7F4F4483558366837783965979
:10945000A74EBF478093160290931702A09318025D
:10946000B093190281E0089584E00E947D520F9329
:109470001F934FB7F894E0912202F0912302E8176E
:10948000F90729F42AC08217930789F0F90120818E
:10949000318121153105B9F720912402309125023F
:1094A0008217930781F04FBF1F910F910895DC0140
:1094B0002D913C913183208320912402309125020B
:1094C0008217930781F78AE192E0909325028093B7
:1094D00024024FBF1F910F910895DC0114960D9146
:1094E0001D912D913C91179700930E0210930F023E
:1094F00020931002309311022D913C9130930B0276
:1095000020930A022AE032E03093230220932202C1
:10951000C3CFAF92BF92CF92DF92EF92FF921F9391
:10952000CF93DF93DC011496CD90DD90ED90FC900D
:1095300017971FB7F894C0912202D09123024C8153
:109540005D816E817F818F2DC416D506E606870B5F
:1095500087FD1FC0FE010990D881C02D4C815D811F
:109560006E817F819F2DC416D506E606970B97FF67
:10957000F1CF1196DC93CE93B183A0831FBFDF910F
:10958000CF911F91FF90EF90DF90CF90BF90AF9061
:1095900008955D010E946A2C2F2DC616D706E80695
:1095A000290B27FD25C082E0CA30D80741F1F5011B
:1095B000D183C083C0920E02D0920F02E0921002BB
:1095C000F0921102B0920B02A0920A028AE092E09D
:1095D00090932302809322028091840090918500D1
:1095E000C296909389008093880082E086BBC6CFA4
:1095F000809128028111D7CF83E00E947D52809113
:109600000A0290910B02F50191838083D3CFAF9230
:10961000BF92DF92EF92FF920F931F93CF93DF934E
:10962000FC01A485B585968547855089E188228906
:109630003389F488A588B6887789008D118DD28CFE
:10964000808586279C9384FD20C085FD22C086FDF1
:1096500024C087FD26C09C93862F8295807F8087BB
:1096600068279C9364FD2AC065FD25C066FD1CC06B
:1096700067FD1EC09C93DF91CF911F910F91FF90CA
:10968000EF90DF90BF90AF900895EA01E88285FFE8
:10969000DECFE901F88286FFDCCFE501788387FF22
:1096A000DACFE801D882D7CFF501708367FFE2CF28
:1096B000E801D882DFCFE901F882D8CFFA01E08251
:1096C000D3CF5F926F927F928F929F92AF92BF9211
:1096D000CF92DF92EF92FF920F931F93CF93DF937E
:1096E0008C01FC01C080D180E280F3808480958071
:1096F000A680B78066246A94660E662301F1EA01AB
:10970000712CFFEF6F1A7F0A640E751E59900E942C
:109710006A2CDC01CB018C199D09AE09BF098815A3
:109720009905AA05BB0598F3652DC8010E94074B52
:109730000E946A2C6B017C01C615D70539F7F80128
:10974000C082D182E282F382DF91CF911F910F918B
:10975000FF90EF90DF90CF90BF90AF909F908F9051
:109760007F906F905F9008950F931F93CF93DF9337
:10977000EC016CEE7BE488810E94C2378C01FC0115
:1097800061857285838541E00E943A374885598515
:109790006C81C801DF91CF911F910F910C94614BA7
:1097A0000F931F93CF93DF93EC016CEE7BE48881E2
:1097B0000E94C2378C01FC0161857285838540E07F
:1097C0000E943A37488559856C81C801DF91CF9155
:1097D0001F910F910C94614BCF92DF92EF92FF9209
:1097E0000F931F93CF93DF93EC014BE150E06CEEAE
:1097F0007BE488810E949C378C0160E08C810E9410
:10980000122BF80161877287838760E088850E9448
:10981000122BF80164877587868760E08C850E942B
:10982000122BF8016787708B818B60E088890E941A
:10983000122BF801628B738B848B60E08C890E9401
:10984000122BF801658B768B878B60E0888D0E94E8
:10985000122BF801608F718F828FF8940E946A2C0E
:109860006B017C0160E0C8010E94074B0E946A2CDA
:109870007894DC01CB018C199D09AE09BF09CC8C11
:10988000DD8CEE8CFF8C8C159D05AE05BF0548F474
:10989000C81AD90AEA0AFB0AF801C482D582E6820C
:1098A000F782DF91CF911F910F91FF90EF90DF90A2
:1098B000CF9008958F929F92AF92BF92DF92EF92D6
:1098C000FF920F931F93CF93DF93EC01D8888C887E
:1098D0009D88AE88BF8883E08D15E0F188810E9465
:1098E000B2287C018EE090E00E948B228C0161E026
:1098F0008C810E940137F80160837183828360E06C
:1099000088850E94122BF80163837483858360E04D
:109910008C850E94122BF801668377838087D58619
:1099200081869286A386B486F7018581982F9670EA
:10993000A1F4F7011183008382608583DF91CF91C9
:109940001F910F91FF90EF90DF90BF90AF909F908D
:109950008F9008958CE10E947D520E94AA324F920E
:109960005F926F927F928F929F92AF92BF92CF92AF
:10997000DF92EF92FF920F931F93CF93DF938C01AF
:10998000562E3A01FC0180809180A280B380C48071
:10999000D580E680F780EA012196FA014080642DA7
:1099A000607F0E946F260E946A2CDC01CB0188191F
:1099B0009909AA09BB098C159D05AE05BF0598F349
:1099C000642D6295607FC8010E946F260E946A2CF8
:1099D0006B017C01F80180849184A284B384F1E05E
:1099E0005F1639F15A945A94852D90E00296680ECC
:1099F000791E5990652D607FC8010E946F260E94D4
:109A00006A2CDC01CB018C199D09AE09BF098815B0
:109A10009905AA05BB0598F3652D6295607FC8017D
:109A20000E946F260E946A2C6B017C01C615D70527
:109A300001F7F801C082D182E282F382DF91CF91F7
:109A40001F910F91FF90EF90DF90CF90BF90AF905C
:109A50009F908F907F906F905F904F9008950F939D
:109A60001F93CF93DF93EC0161EB76E288810E9434
:109A7000C2378C016AEF0E946F266C81611105C0AC
:109A8000DF91CF911F910F91089548855985C801A5
:109A9000DF91CF911F910F910C94AF4CFC019289F3
:109AA0009160928B1092260281E08093670280E0A1
:109AB0000895FC0192899160928B1092260281E0B8
:109AC0008093660280E00895FC01978591609787F6
:109AD0001092260281E08093650280E008950F9342
:109AE0001F93CF93DF938C014BE450E06FE67DE44E
:109AF000FC0180810E949C37EC018EE49DE49B83F5
:109B00008A8362E272E3F80184810E94C2379D87F2
:109B10008C87DF91CF911F910F9108950F931F9321
:109B2000CF93DF938C014BE450E06EE87DE4FC01C1
:109B300080810E949C37EC0189E59DE49B838A83A8
:109B400062E272E3F80184810E94C2379D878C87AC
:109B5000DF91CF911F910F9108952F923F924F92D5
:109B60005F926F927F928F929F92AF92BF92CF92AD
:109B7000DF92EF92FF920F931F93CF93DF9300D06A
:109B80001F921F92CDB7DEB73C016EE87DE4FC0169
:109B900080810E94C2374C018AE38B838E010C5F67
:109BA0001F4F21E0AE014D5F5F4F61E0F4018485FE
:109BB00095850E9428300E94AB1A8C8184FF06C0D4
:109BC000F401858996890196968B858B82E78D8332
:109BD0000E946A2C1B012C018E010F5F1F4F22E097
:109BE000AE014B5F5F4F61E0F401848595850E9473
:109BF00028300E94AB1A0E946A2C29812F71A22E54
:109C0000B12CBA2CAA242A81A22A0B2C000CCC0835
:109C1000DD087B018C01E218F30804091509A20193
:109C20009101F3016081C40143960E9432460F9076
:109C30000F900F900F900F90DF91CF911F910F9188
:109C4000FF90EF90DF90CF90BF90AF909F908F905C
:109C50007F906F905F904F903F902F9008950F935B
:109C60001F93CF93DF938C016EE87DE4FC0180812C
:109C70000E94C237EC010E94374A1A8AF801848197
:109C80009581A681B7810097A105B10529F4DF91DF
:109C9000CF911F910F91089588879987AA87BB87D5
:109CA0001C8A1B8A1E8A1D8A1F8A1F861E86198A85
:109CB000188ACE01DF91CF911F910F910C942C1F28
:109CC0002F923F924F925F927F928F929F92AF928C
:109CD000BF92CF92DF92EF92FF920F931F93CF9399
:109CE000DF93CDB7DEB72A970FB6F894DEBF0FBE6D
:109CF000CDBF9E838D83FC0170806AEB7FE4872D4E
:109D00000E94C2374C01FC018685882381F1813095
:109D100009F461C0E12CF12C8701A12CB12C650163
:109D200080E090E0212C312C2101F401918B808B7B
:109D3000A2019101672DC40142960E9432462A96E3
:109D40000FB6F894DEBF0FBECDBFDF91CF911F914C
:109D50000F91FF90EF90DF90CF90BF90AF909F90CA
:109D60008F907F905F904F903F902F90089582EA60
:109D700089831A821B820E946A2C1B012C019E017E
:109D80002F5F3F4F43E061E0F401848595850E9499
:109D9000AD320E946A2C6F83788789879A878A817F
:109DA0009B818130F4E09F0738F0F40124893589E4
:109DB0002F5F3F4F358B248B5C01C12CD12CEF8062
:109DC000F88409851A85E218F30804091509ED815C
:109DD000FE817080AACF82E28C830E946A2C1B01D4
:109DE0002C018E010F5F1F4F22E0AE014C5F5F4FD1
:109DF00061E0F401848595850E9428308C010E94E1
:109E00006A2C6F83788789879A87C8010E94AB1A6A
:109E100089819A81C6CF2F923F924F925F926F9223
:109E20007F928F929F92AF92BF92CF92DF92EF92EA
:109E3000FF920F931F93CF93DF9300D0CDB7DEB780
:109E40003C0161E279E4FC0180810E94C2374C014F
:109E50001B82FC0186858823C1F1813009F46DC025
:109E6000F4018089E12CF12C8701813009F45FC075
:109E700080E0212C312C21018F73982F990F890FAD
:109E8000880FA82EB12CC12CD12CF401818BA201FA
:109E90009101F3016081C40142960E9432460F9005
:109EA0000F900F90DF91CF911F910F91FF90EF9046
:109EB000DF90CF90BF90AF909F908F907F906F90EA
:109EC0005F904F903F902F9008958FEA89831A8278
:109ED0000E946A2C1B012C019E012F5F3F4F42E024
:109EE00061E0F401848595850E94AD320E946A2C60
:109EF0006B017C018A818B8386FF07C0F401248972
:109F000035892F5F3F4F358B248B87017601E2180F
:109F1000F30804091509F4019089913009F0ACCFD8
:109F200085FF09C080E0A12CB12C6501AECF80E097
:109F3000212C312C21018F71A0CF8FE289830E94C7
:109F40006A2C1B012C018E010D5F1F4F21E0AE0119
:109F50004F5F5F4F61E0F401848595850E94283052
:109F60008C010E946A2C6B017C01C8010E94AB1A13
:109F70008B81C2CF0F931F93CF93DF93EC014AE401
:109F800050E06AEB7FE488810E949C378C0184E674
:109F90009DE4F8019383828388859985AA85BB8592
:109FA0000097A105B105B1F00197A105B10579F4BC
:109FB00062E272E38C810E94C237F8019587848740
:109FC00081E08687DF91CF911F910F9108958CE2F8
:109FD0000E947D528C810E94B228F8019587848767
:109FE0001686DF91CF911F910F9108950F931F93C4
:109FF000CF93DF93EC01F8940E946A2C08851985B1
:10A000002A853B85DC01CB01800F911FA21FB31F66
:10A010008C839D83AE83BF83CE010E94894A78944E
:10A02000DF91CF911F910F9108950F931F93CF93BD
:10A03000DF938C016AEB7FE4FC0180810E94C237D0
:10A04000EC010E94374A1F86F80184819581A68120
:10A05000B7810097A105B10529F4DF91CF911F9138
:10A060000F91089588879987AA87BB87198A188ACC
:10A070001B8A1A8A1D8A1C8A1E8ACE01DF91CF9103
:10A080001F910F910C94F64F0F931F93CF93DF9373
:10A09000EC01F8940E946A2C088519852A853B8575
:10A0A000DC01CB01800F911FA21FB31F8C839D8306
:10A0B000AE83BF83CE010E94894A7894DF91CF910D
:10A0C0001F910F9108950F931F93CF93DF938C01EE
:10A0D00061E279E4FC0180810E94C237EC010E94B8
:10A0E000374A1F86F80184819581A681B781009740
:10A0F000A105B10529F4DF91CF911F910F9108952A
:10A1000088879987AA87BB87198A1B8A1A8A1D8A1A
:10A110001C8A1E8ACE01DF91CF911F910F910C9462
:10A120004450CF93DF93CDB7DEB729970FB6F8949D
:10A13000DEBF0FBECDBF84EA93E0909357028093B9
:10A140005602FFB6F8941092800001E0009381005F
:10A15000E4E8F0E01182108280819181C2969093B0
:10A1600089008093880012E016BB80819181C2969D
:10A1700090938B0080938A0084E086BB82E092E01B
:10A180000E94894A06BB10936F00FFBE9DE088E1E4
:10A190000FB6F894A895809360000FBE909360006E
:10A1A00080E4809360001093C00087E090E090937B
:10A1B000C5008093C40086E08093C20088EB809342
:10A1C000C10086EA96E19F938F930E94AE220F9082
:10A1D0000F90F89488E692E00E94A2538C01892B9C
:10A1E00019F478940E94DA0BF8940E946A2CF62EE7
:10A1F000E72ED82EC92EE2E2F2E08681811101C05D
:10A20000078382E292E022E0DC0116962C931697F7
:10A210000AE012E00D931C93EAE1F2E044815581DB
:10A2200066817781D80114964D935D936D937C93ED
:10A230001797DC011396FC93EE931297D801ED93D8
:10A24000FC9382E192E091838083809184009091DD
:10A250008500C296909389008093880026BB109257
:10A260004A020E94DA378FEF898781E1B82E13C046
:10A27000F80143A140716489758986890E943A3743
:10A28000D80193968C91982F907184FD9B2DF801A5
:10A2900093A310A2178E6DED7EE2CE0109960E9467
:10A2A00078378C01892B21F78FEF888709C0DC0173
:10A2B00095961C921E92949760E088960E94CE3CE0
:10A2C0006CED7DE3CE0108960E947837009779F710
:10A2D0008FEF8F8302C00E94264866E777E4CE01A5
:10A2E00007960E9478370097B1F78FEF8E831FEFA4
:10A2F0000FC090910102828D981302C01093010249
:10A30000DF01AF5ABF4F1D921C92868D8111D1C0C3
:10A3100064E178E2CE0106960E947837FC01892B31
:10A3200041F78FEF8D8311E004C0FC01258120FDF2
:10A33000DAC06EE377E2CE0105960E947837009787
:10A34000A1F78FEF8D830CC09C012D5F3F4FDC0187
:10A3500012964C91129760E08D919C910E94AD32C3
:10A3600060E872E3CE0105960E947837009761F7A6
:10A370008FEF8C8300EA1FE20BC02FB7F894992768
:10A3800011969C938E932FBF13830283128A118A96
:10A3900060EE79E2CE0104960E947837FC01892BA9
:10A3A00049F087859089A085B1852285222329F3EC
:10A3B0008C93EACF8FEF8B8302C00E944E3B65EBFC
:10A3C0007AE3CE0103960E9478370097B1F78FEFBA
:10A3D0008A830FC0F80164857585868540E00E94F8
:10A3E0003A37D8011F966D917D918C9140E00E9483
:10A3F0003A3761EB76E2CE0102960E9478378C0103
:10A40000892B41F78FEF89832FC0F8016185728511
:10A41000838540E00E943A37D8011C966D917D916A
:10A420008C9140E00E943A37F801678570898189F4
:10A4300040E00E943A37D80152966D917D918C91FF
:10A4400040E00E943A37F80165897689878940E0C3
:10A450000E943A37D80158966D917D918C9140E0D9
:10A460000E943A37F80110866CEE7BE4CE0101962B
:10A470000E9478378C01892B41F682E092E00E949D
:10A48000894AE2E2F2E081E08683789487811F9234
:10A490008F93CF92DF92EF92FF9288E996E19F939C
:10A4A0008F930E94AE220FB6F894DEBF0FBECDBFD1
:10A4B00098CE8F5F858F40895189628973898085A5
:10A4C0009185A285B385840F951FA61FB71F808B2A
:10A4D000918BA28BB38B84839583A683B783CF01A3
:10A4E0000E94894A15CF23FB442740F94127628106
:10A4F000738184810E943A371CCFF894682F70E0F2
:10A5000088E692E00E94C453F89498E088E10FB680
:10A51000F894A895809360000FBE90936000FFCFE1
:10A520001F920F920FB60F9211240BB60F928F93BA
:10A53000EF93FF93E091A3038091A203E817A0F4A7
:10A5400081E08E0F8093A303F0E0EE5BFC4F8081EF
:10A550008093C600FF91EF918F910F900BBE0F90EB
:10A560000FBE0F901F9018958091C1008F7D809332
:10A57000C100F0CF1F920F920FB60F9211240BB6AD
:10A580000F928F939F93EF93FF938091C6008E3726
:10A59000B9F0E0914103E03C40F491E09E0F9093CC
:10A5A0004103F0E0EF57FD4F8083FF91EF919F91C2
:10A5B0008F910F900BBE0F900FBE0F901F901895AC
:10A5C00010922602E6CF1F920F920FB60F9211241F
:10A5D00081E0809380028FE30E947D52DB018F93A4
:10A5E0009F930E940553BF91AF91A29F800D911D33
:10A5F000A39F900DB29F900D11240895692796276F
:10A60000692778278727782708950E948A53A59F6E
:10A61000900DB49F900DA49F800D911D112408955D
:10A6200097FB57FF0C9420539F938F930E942053C6
:10A630006E1B7F0BAF91BF918A0B9B0B0895E89423
:10A64000DF93CF93FC01DB010E948A537F936F93CA
:10A65000E9019A01AC01BF93AF933F932F93DF01C0
:10A660000E948A5326F46C1B7D0B820B930B9E0178
:10A67000EB01FC010E949953AF91BF912F913F9143
:10A680000E949953BE01CF01F9012F913F91CF91C3
:10A69000DF9108950F93083090F0982F872F762F31
:10A6A000652F542F432F322F22270850F4CF220F2B
:10A6B000331F441F551F661F771F881F991F0A9558
:10A6C000B2F70F91089597FB10F8169400080F93B6
:10A6D000083098F00850232F342F452F562F672F1E
:10A6E000782F892F902DF4CF05949795879577959E
:10A6F000679557954795379527950A95AAF70F912E
:10A7000008952A0D3B1D4C1D5D1D6E1D7F1D801F74
:10A71000911F0895A29FB001B39FC001A39F700D28
:10A72000811D1124911DB29F700D811D1124911D59
:10A7300008950E948A53460F571FC81FD91F08F457
:10A7400031960895DC012D923D924D925D926D926D
:10A750007D928D929D92AD92BD92CD92DD92ED92C1
:10A76000FD920D931D93CD93DD930F90FF91EF918B
:10A770008DB78D938EB78D938FB78D93ED93FD939A
:10A78000882799270D9221C0DC01CB0181309105EA
:10A79000811D2D903D904D905D906D907D908D90A0
:10A7A0009D90AD90BD90CD90DD90ED90FD900D9180
:10A7B0001D91CD91DD91ED91FD910D90F894FEBF2D
:10A7C0000FBEEDBFED91FD910D90EF93FF930F92B2
:10A7D0000895FB01DC0102C005900D9241505040EC
:10A7E000D8F70895FC014150504030F00190061612
:10A7F000D1F73197CF010895882799270895FB0154
:10A80000DC0102C001900D9241505040D8F70895EC
:10A810006817790768F4FB01DC01E40FF51FA40F4A
:10A82000B51F02C002900E9241505040D8F70895D3
:10A830000C94FF53DC0101C06D9341505040E0F790
:06A840000895F894FFCF1B
:10A8460010FF0000162A008000000000144A0000D5
:10A8560000000000344A000000801202164A000080
:10A8660000001A021A020000000030030000000077
:00000001FF
